text,labels
"100+ stt né thính, cap né thính hài hước, nét căng, cực ngầu",7
"top 111+ stt cuộc sống an nhiên, bình dị tự tại giúp bạn thêm yêu đời",7
"top hạt giống hoa dễ trồng, nở quanh năm cho người yêu hoa",7
chi tiết 3 cách nấu rau bò khai đơn giản mà thơm ngon nhất,1
top 10 quạt cây hơi nước được ưa chuộng nhất hiện nay,4
"bộ nhớ trong là gì? bộ nhớ trong trên điện thoại, máy tính bao gồm gì?",7
hướng dẫn cách đăng ký digital otp mbbank trên thiết bị mới 2024,6
tìm hiểu về sự tích ông táo? tại sao lại có lễ ông công ông táo,7
sữa optimum pha sẵn có tốt không? lưu ý khi sử dụng cho bé,5
bút kẻ mắt merzy có mấy loại? top 5 sản phẩm tốt nhất,3
review top 5 kem chống nắng skin aqua cho da khô tốt nhất,3
7 màu son trong bảng màu son mac hot trend nhất và được yêu thích nhất,7
chảo đá là gì? top 10 chảo chống dính vân đá tốt nhất nên mua,4
top 10 dầu gội mọc tóc hiệu quả nhất hiện nay không nên bỏ qua,3
bao nhiêu follow thì được kiếm tiền trên tiktok 2024,7
serum chống nắng anessa có tốt không? hợp với da gì nhất?,3
tổng hợp code loomian legacy miễn phí mới nhất 08/2024,7
nhà nồm phải làm sao? 14 cách chống nồm đơn giản mà hiệu quả,7
top 20+ bài thơ về hoa sen hay và ý nghĩa nhất bạn nên biết 2024,7
review nước hoa narciso đen rodriguez for her eau de toilette,3
những điều cần biết về trả góp thegioididong? cách mua?,7
hướng dẫn cấp đổi giấy phép lái xe qua mạng nhanh chóng tại nhà,7
"toàn bộ thông tin vé xe tết 2024: khi nào bán, giá bao nhiêu?",7
"999+ stt giảm cân thành công hay, hài hước truyền động lực",7
usb wifi là gì? top 10 usb thu wifi tốt nhất mà bạn nên mua,0
review gel tẩy da chết natureine aqua peel có thực sự tốt?,3
top 5 kem dưỡng chống lão hóa ban đêm được tin dùng 2024,3
sữa rửa mặt cho da hỗn hợp thiên dầu là gì? 10 sản phẩm phù hợp nhất,3
shopee 15.3 - siêu voucher sale giữa tháng 3 này có có gì?,7
hướng dẫn 4 cách hủy đơn hàng trên tiki (đơn giản nhất),7
cách mua điện thoại trả góp fpt shop trả góp lãi suất 0 đồng,7
những tác hại của kem chống nắng có thể bạn chưa biết!!!,7
top 7 máy hút mụn mini cầm tay làm sạch mụn hiệu quả 2024,3
"hướng dẫn cúng giao thừa ngoài trời, nhà chung cư cúng giao thừa ở đâu",7
review sữa blackmores số 3 toddler (bé 12m+) có tốt không?,5
đánh giá serum niacinamide the auragins có tốt không?,3
kem chống nắng anessa có mấy loại? đánh giá chi tiết từng sản phẩm,3
bột ăn dặm aptamil có tốt không? giá bao nhiêu? mua ở đâu?,5
có nên mua hàng trưng bày thegioididong không? cách mua hàng,7
top 3 nước hoa givenchy nữ đang làm mưa làm gió trên thị trường hiện nay,3
"hướng dẫn 5+ cách pha nước chanh ngon, tốt cho sức khoẻ",7
hé lộ 20 dấu hiệu mang thai con gái chưa cần siêu âm đã biết,5
bật mí cách uống bột sắn dây trị nám hiệu quả không phải ai cũng biết,3
"1999+ stt hài hước về cuộc sống, tình yêu và tình bạn câu like hot nhất",7
8386 là gì trên facebook? ý nghĩa và bí ẩn từ con số thiên thần 8386?,7
toàn bộ code solo leveling arise miễn phí mới nhất 08/2024,7
hướng dẫn cách nạp tiền vào tài khoản timo và những lưu ý cần thiết,7
review sữa chống nắng senka trắng có tốt không? có nên mua?,3
cập nhật: full code gomu huyền thoại mới nhất 2024,0
12 cách chuyển nhạc youtube sang mp3 đơn giản và chi tiết,7
"100+ lời chúc buổi sáng hay cho người yêu, bạn bè mới 2024",7
review top 10 vòng đeo tay thông minh tốt nhất hiện nay,0
tổng hợp 20+ cách trị mụn cám tại nhà đơn giản mà hiệu quả cực nhanh,3
outfit là gì? gợi ý xu hướng outfit thời trang thịnh hành nhất 2024,7
tnex msb là gì? có nên đăng ký tnex? cách mở tài khoản tnex nhanh,6
có nên cho trẻ ngậm núm giả khi ngủ? khi nào nên cho bé ngậm núm giả?,5
retinol là gì trong mỹ phẩm? tác dụng và cách dùng retinol hiệu quả nhất,3
"gợi ý 20+ cách phối đồ với áo thun form rộng nữ đẹp, chất và sành điệu",7
sữa devondale có tăng cân không & mọi giải đáp về sữa devon,5
top 10 kem chống nắng cho người trung niên được ưa chuộng,3
"top những chúc mừng sinh nhật bố hay, ngắn gọn nhưng ý nghĩa nhất",7
top 20+ lời chúc tết bạn bè vui độc lạ chất nhất năm 2024,7
địa chỉ trung tâm ajinomoto dạy học nấu ăn miễn phí tại hà nội,1
review nước súc miệng crest? có mấy loại? giá bao nhiêu,3
"999+ stt thả thính chồng yêu tình cảm, ngọt ngào nhất",7
xua tan nỗi buồn lỗ chân lông to với top 5 mặt nạ se khít lỗ chân lông sau,3
kinh nghiệm du lịch nha trang tự túc - oanh tạc nha trang 3 ngày,7
"review top 5 loại sữa nhập khẩu tăng cân, chiều cao cho bé",5
thực đơn ăn dặm kiểu nhật chi tiết 30 ngày đầu tiên cho trẻ từ 5 - 6 tháng,5
biz mbbank là gì? cách đăng kí và sử dụng biz mb trên app nhanh nhất,6
"top 5 shop đặt mua bàn làm việc uy tín, chất lượng",8
"đánh giá top 7 serum trị mụn cho nam hiệu quả, bán chạy nhất hiện nay",3
review kem chống nắng torriden có tốt không? hợp với da gì?,3
kem che hình xăm có hiệu quả không? top 5 sản phẩm bán chạy nhất,3
hướng dẫn vay tiền crezu nhanh chóng và an toàn nhất 2024,6
review cushion aperire có tốt không? có “ảo” như trên tiktok?,3
vì sao lá cây có màu xanh lục? nguyên nhân và lời giải chính xác nhất,7
dùm hay giùm: từ nào đúng chính tả? cách sử dụng đúng cách?,7
hướng dẫn cách đổi tên wifi cho tất cả các nhà mạng trên tenda và tp-link,7
sữa rửa mặt hatomugi có tốt không? giá bao nhiêu? mua ở đâu?,3
top 7 các loại collagen tốt nhất hiện nay được đánh giá cao nhất 2024,3
"199+ stt nhớ nhà, cap xa nhà nhớ nhung da diết, cảm động",7
review top 11 điện thoại samsung mới nhất & cập nhật bảng giá,0
avobenzone là gì? avobenzone trong kem chống nắng tốt không?,3
"stt anh em xã hội bá đạo, càng đọc càng thấm thía sâu cay mới 2024",7
hướng dẫn chi tiết cách nấu bò kho chuẩn ngon khó cưỡng,1
đau mắt đỏ có lây không? nhìn vào người đau mắt đỏ có bị lây?,7
đánh giá tivi coocaa có tốt không? có nên mua hay không?,0
"bảng size giày adidas nam, nữ và trẻ em chuẩn nhất",7
khám phá ý nghĩa đặc biệt của số căn cước công dân,7
review là gì? bí kíp trở thành reviewer triệu người tin tưởng,7
"size núm moyuum số 1, 2, 3, 4 & chữ y cho bé mấy tháng? nơi mua giá tốt?",5
"top 8 xịt, gel, kem giữ nếp tóc xoăn tốt nhất 2024",3
review sữa care 100 gold pha sẵn có tốt không? giá bao nhiêu? mua ở đâu?,5
top 5 muối chườm bụng sau sinh giúp giảm mỡ và săn chắc cơ bụng hiệu quả nhất,5
top 10 nồi cơm điện thông minh đáng đồng tiền bát gạo nhất,4
"lazada 10.10 siêu hội livestream: giảm 50%, voucher bonus 400k",7
những shop mẹ bé uy tín trên shopee nhiều ưu đãi khuyến mãi,2
lazada 9.9 siêu sale chính hãng giảm 50% - voucher tích lũy 800k,2
elsa speak pro có tốt không? có nên mua elsa pro trọn đời?,6
tặng quà sinh nhật cho con trai 15 tuổi như nào? gợi ý 15 món quà ý nghĩa,7
review top 7 balo chống gù cho bé tốt nhất hiện nay 2024,5
phấn nền là gì? bật mí top 10+ sản phẩm được khuyên dùng 2024,3
kimochi là gì? ý nghĩa không thể ngờ được của kimochi trong tiếng nhật,7
top 10 đồ halloween độc - lạ không phải đâu cũng có,7
[review] top 6 kem chống nắng đức tốt nhất được ưa chuộng 2024,3
review máy nâng cơ mặt foreo bear có tốt không? đắt có xắt ra miếng?,3
"tổng hợp 50+ hình nền hoa tulip cho điện thoại đẹp & ý nghĩa (full-hd, 4k)",7
avatar đen trên facebook có nghĩa là gì?,7
hướng dẫn cách hủy mã rút tiền mbbank. hủy mã có được hoàn tiền không?,6
review top các sản phẩm thuốc trị mụn đầu đen tốt nhất hiện nay,3
"hướng dẫn thủ tục, cách làm hộ chiếu online đơn giản, thuận tiện",7
đánh giá 4 máy lọc không khí coway đáng mua cho gia đình dịp cuối năm,4
"top 300+ những câu nói hay về tình yêu, stt về tình yêu buồn, tan vỡ, hạnh phúc",7
"3 cách tra cứu hợp đồng bảo hiểm fwd tại nhà đơn giản, nhanh nhất",6
1 bắp ngô bao nhiêu calo? ăn ngô có giảm cân không?,7
"top 5 canxi cho bà bầu dễ uống, dễ hấp thu nhất hiện nay",5
review 2 dòng son kem dior với bảng màu đẹp mê mẩn,3
ngày giỗ tổ hùng vương là ngày nào? lịch nghỉ giỗ tổ 2023?,7
top 40 mẫu quà khai trương đầy ý nghĩa cho gia chủ,7
088 là mạng gì? những yếu tố phong thủy không thể bỏ qua của đầu số này,7
đánh giá đèn led philips có tốt không? có nên sử dụng không?,4
"1500+ stt nghèo, khoảng cách giàu nghèo đáng suy ngẫm nhất",7
xe đẩy em bé loại nào tốt? kinh nghiệm mua xe đẩy tốt giá rẻ,5
reviews kem chống nắng skin aqua nắp vàng clear white,3
có nên trồng hoa mẫu đơn trước nhà hay không?,7
cách trị mụn đầu đen ở mũi tại nhà nhanh và hiệu quả,7
bảo hiểm thân vỏ ô tô là gì? có nên mua bảo hiểm thân vỏ xe oto không?,7
review 10 sách/bộ sách cho bé từ 0-1 tuổi hay nhất,7
999+ avatar buồn cực chất mang nhiều tâm trạng,7
otaku là gi? những dấu hiệu để nhận biết otaku chính hiệu là gì,7
review áo hút sữa rảnh tay loại nào tốt & cách sử dụng áo,5
danh sách các ngân hàng làm việc thứ 7 cập nhật mới nhất 2024,7
dầu gội enchanteur mùi nào thơm nhất? review 2 loại tốt nhất,3
"khung giờ đăng tik tok hút view, dễ lên xu hướng nhất",7
quà tặng 20-10 ý nghĩa nhất dành cho người phụ nữ bạn yêu thương,7
vocal fry là gì? giải mã âm thanh rèn rè trong giọng nói,7
review sữa grow plus đỏ nuti có tốt không? có các loại nào?,5
review top 5 kem chống nắng innisfree mẫu mới cho mọi làn da,3
điểm imdb là gì? vì sao điểm imdb quyết định bộ phim hay hay không,7
10 thương hiệu quần áo shopee chính hãng được yêu thích nhất hiện nay,7
chọn ngày giờ xuất hành đầu năm 2024 để mọi sự hanh thông,7
p.m.c là gì? giải đáp bí ẩn từ số điện thoại lạ p.m.c,7
review có nên cho bé học tiếng anh ở ila hay không?,7
"1001 stt đi làm vất vả hài hước khó đỡ, giảm căng thẳng",7
code the spike volleyball mới nhất 08/2024 cách nhập code,0
kem dưỡng la roche posay 2024 có mấy loại? nên dùng loại nào?,3
máy tạo tiếng ồn trắng là gì? top 4 sản phẩm mẹ nên mua,5
"choice lazada là gì? cách mua hàng cực rẻ, miễn phí vận chuyển",2
vị trí ghế ngồi trên máy bay vietnam airline nào đẹp nhất?,7
đồng kiểm là gì? nhận hàng shopee có cho đồng kiểm không?,7
toàn bộ code yêu quái chạy đi đâu mới nhất 08/2024,0
top địa điểm du lịch hà nam - ninh bình cực hấp dẫn không thể bỏ qua,7
"top 10+ sữa cho bé 1 tuổi tăng cân, tăng chiều cao toàn diện",5
"tổng hợp ca dao, tục ngữ về tình yêu đôi lứa, tình cảm vợ chồng",7
review torriden dive-in serum siêu cấp ẩm có tốt không?,3
đánh giá laptop dell vostro 15 3000 i5 sau 3 năm sử dụng,0
"note ngay 6+ cách chế biến rau dớn ngon, dễ làm tại nhà",1
review serum vitamin c kiehl's trẻ hóa da có đáng để mua không?,3
gợi ý top 7 máy sấy chén bát tốt nhất nên mua 2024,4
list khuyến mãi black friday 2023 hot nhất không thể bỏ lỡ,2
review chi tiết 3 dòng toner dickinson đang gây bão trên thị trường hiện nay,3
top 10+ kem trị nám tốt nhất hiện nay được khuyên dùng,3
top 9 thương hiệu chính hãng khuyến mãi hot nhất lazada sale tết 2022,7
"toàn bộ code hành trình bất tận miễn phí, mới nhất 08/2024",0
cảm cúm trong thai kỳ có đáng lo không? cách trị cảm cúm cho bà bầu,5
bí kíp sở hữu trái ác quỷ kitsune blox fruits nhiều nhất,0
thẻ vpbank shopee là gì? hướng dẫn cách mở thẻ chi tiết từ a - z,6
5 lỗi sai phổ biến khi dùng mặt nạ đất sét và bật mí cách dùng đúng,3
cẩm nang mang thai: thai nhi 33 tuần tuổi,7
"đánh giá chi tiết acer aspire 7 core i5 10300h: mượt mà, mạnh mẽ",0
"note ngay 5+ cách thắt nơ hộp quà đẹp, đơn giản, dễ làm nhất",7
top 10 sữa tắm nước hoa thơm nhất được chị em săn lùng,3
top 5 bếp từ đôi của đức được ưa chuộng nhất hiện nay,4
đánh giá the body shop tea tree oil: trị mụn + thâm thần thánh,7
top 3 nước hoa burberry nữ làm mưa làm gió trên thị trường,3
nên mua máy rửa bát loại nào? gợi ý top 9 sản phẩm đáng mua nhất,4
"top 10 app vay 500k nhanh, lãi suất thấp, uy tín nhất 2024",6
"top 8 serum trắng da cho da dầu hiệu quả, không nhờn rít",3
cách đăng ký sms banking mbbank qua điện thoại? có mất phí không?,6
tổng hợp đầy đủ tất cả 13 món ăn truyền thống ngày tết bắt buộc phải có ở cả 3 miền bắc - trung - nam,7
vay tiền online cho học sinh và lưu ý quan trọng để vay được an toàn,6
"làng coin master: danh sách và bảng giá xây đầy đủ, chi tiết",0
review top 7 loại trà giảm cân nhiều người uống nhất 2024,3
top 5 cân đo lượng mỡ chính xác nhất hiện nay,3
kem trị thâm đầu gối là gì? 5 sản phẩm hiệu quả cao được tin dùng,3
review top 10 lò nướng thủy tinh bán chạy nhất 2023,4
toàn bộ code cherry tale miễn phí mới nhất 08/2024,7
[mới] cách kết bạn trên coin master nhận spin miễn phí,0
top 10 shop quần áo uy tín trên shopee do người dùng bình chọn,7
đánh giá top 10 hãng mỹ phẩm nhật bản tốt nhất 2024,7
"99+ stt tạm biệt năm cũ, chào đón năm mới 2024 chất hơn nước cất",7
tiki rewards là gì? tiki rewards có gì hấp dẫn?,2
cách sử dụng nước hoa hồng và kem chống nắng đúng chuẩn,7
toner dịu nhẹ nhưng dưỡng ẩm cực tốt? review aloe bha skin toner chi tiết,3
"hướng dẫn cách gọt chì kẻ mày đơn giản, nhanh chóng nhất",3
"bảng công thức lượng giác lớp 9, 10, 11 đầy đủ và cách ghi nhớ",7
"review bột ăn dặm nga nào tốt nhất giữa nestle, kawa, fruto, heinz?",5
"công thức và cách làm sữa chua cho bé từ sữa mẹ, sữa công thức",5
rau tầm bóp làm món gì? 4 cách chế biến rau tầm bóp dễ làm,1
"top 3 cách auto câu cá play together trên ios, android hay pc mới nhất",0
review top 4 kem dưỡng caryophy được yêu thích nhất,3
top 10 phấn phủ tốt nhất hiện nay được nhiều người ưa chuộng,3
transit love là gì? vì sao transit love bị lên án như vậy?,7
top 10 khách sạn gần sân bay tân sơn nhất được review tốt,7
review serum tiam vàng hot tóp tóp 2024 có thực sự tốt?,3
"hướng dẫn check bảo hành samsung đơn giản, nhanh gọn",7
toàn bộ code lời nguyền quỷ dữ miễn phí mới nhất 08/2024,7
kinh nghiệm đi phượt vườn quốc gia ba vì điểm đến thú vị năm 2024,7
"[đỉnh] câu thơ thả thính rung động trái tim, thả tới đâu dính tới đó",7
micro karaoke bluetooth loại nào tốt? top 10 nên mua nhất 2024,0
hoa bỉ ngạn là gì? truyền thuyết hoa bỉ ngạn không phải ai cũng biết,7
tranh cãi về yếu tố sex trong cuốn chim ưng và chàng đan sọt của tác giả bùi việt sỹ,7
review top 10 xịt dưỡng tóc tốt nhất trên thị trường 2024,3
icon chim cánh cụt ? trên mạng xã hội có nghĩa là gì?,7
note ngay 8 quán cà phê mở bán xuyên tết ở hà nội 2024,7
thẻ tín dụng vib online plus là gì? có nên mở thẻ tín dụng vib online plus không?,6
"nàng mơ là ai? hot girl mạng và những lùm xùm, tranh cãi",7
"rau càng cua nấu món gì? cách chế biến rau càng cua ngon, dễ làm",7
"top 10 máy hút bụi không ồn, thoài mái khi sử dụng",4
viên giặt quần áo có tốt hay không? đánh giá top 7 sản phẩm tốt nhất,4
công ty tiki là gì? địa chỉ ở đâu? tiki có cửa hàng không?,7
sendo farm là gì? toàn bộ thông tin cập nhật mới nhất,7
các shop order taobao uy tín trên shopee được tin tưởng nhất,7
"review top 10 hộp chia sữa cho bé tốt, tiện lợi và an toàn",5
"cách kết nối chuột không dây với laptop, máy tính đơn giản, nhanh chóng",0
số tổng đài taxi xanh sm (xe điện vinfast) là số mấy?,7
review máy ép chậm tefal zc150838 có tốt không?,4
tổng đài home credit | hotline cskh hỗ trợ trả góp miễn phí 24//7,7
nên mua máy ép trái cây loại nào tốt? review chi tiết các loại,4
kem đánh răng aquafresh của nước nào? review top 5 sản phẩm tốt nhất,3
"99+ stt noel hài hước, caption noel ý nghĩa mới nhất 2024",7
top 10 sản phẩm mặt nạ cho nam tốt nhất không nên bỏ lỡ 2024,3
review top 10 máy sưởi mini tốt nhất đáng mua 2024,4
review nước hoa vùng kín x2 sexy cỏ cây hoa lá liệu có an toàn & đáng dùng?,3
mcafee là gì? có tốt không? hướng dẫn cài đặt và gỡ đơn giản,0
"top 20 mẫu giày camel nam, nữ chính hãng hot nhất năm 2024",7
top 5 kem làm hồng nhũ hoa tốt nhất cho nàng,3
"những câu nói hay về sự cố gắng, kiên trì nỗ lực vì mục tiêu",7
hướng dẫn cách đăng ký zalopay nhanh chóng và đơn giản nhất,7
"top 7 dầu gội dr forhair tốt nhất, sạch gàu, giảm rụng",3
top 10 mặt nạ cấp ẩm cho da được tin dùng nhất hiện nay,3
code x-dog siêu khuyển mới nhất 08/2024 và cách nhập nhanh,0
áo chống nắng và những điều bạn cần phải biết!,7
wtf là gì? ngã ngửa với ý nghĩa của từ wtf mà có thể bạn chưa biết,7
dưa lưới bao nhiêu calo? ăn dưa lưới có tăng cân không?,7
khám phá ẩm thực campuchia: là lạ mà cũng quen quen,7
tổng hợp code goddess mới nhất đầy đủ nhất 08/2024,0
bí quyết giúp trẻ sơ sinh tăng cân đều và đúng chuẩn,5
thẻ hạn mức tín dụng 0 đồng là gì? những điều bạn cần biết,6
"tổng hợp stt khoe xe mới hay, hài hước mà vẫn đẳng cấp",7
"review top 6 đèn học chống cận tốt, đáng mua nhất 2024",4
hướng dẫn cách chuyển tài khoản play together sang vng,0
"review kem hope's relief premium eczema trị viêm da cơ địa, vảy nến",3
toàn bộ code đại chiến lục đạo miễn phí mới nhất 08/2024,7
đi phú quốc mặc gì? 50+ cách phối đồ đi du lịch phú quốc đẹp 2024,7
madecassoside - không như những gì bạn vẫn nghĩ,3
hướng dẫn chi tiết cách tính bảo hiểm thất nghiệp mới nhất năm 2024,7
review xịt khoáng kyung lab có tốt không? dành cho da gì?,3
cách làm bánh trung thu lava nhân kim sa tan chảy siêu dễ cực ngon chuẩn hồng kong,7
shopee là gì? shopee của nước nào? shopee của ai sáng lập?,7
"top 7 app vay tiền bằng cccd uy tín, lãi suất thấp nhất",6
review kem dưỡng ẩm avene cicalfate repair có tốt không?,3
"lịch, giờ làm việc ngân hàng techcombank như thế nào?",6
thời trang owen - tất cả những điều khách hàng nên biết khi mua,7
cập nhật monopoly go free dice links mới nhất 08/2024,7
máy massage xung điện nào tốt? top 10 sản phẩm đáng mua nhất 2024,3
top các loại sữa hạt cho bé trên 1 tuổi tốt nhất hiện nay,5
review top 10 sữa tắm trị rôm sảy cho bé hiệu quả nhất,5
kem dưỡng 9 wishes pine treatment cream có thần thánh như lời đồn?,3
"những stt, cap thả thính về xe cực đỉnh, cứ thả là dính",7
signature là gì? khám phá dấu ấn độc đáo trong cuộc sống,7
"cách đăng ký viettel money đơn giản, thành công 100% nhận ưu đãi",6
"review top 4 nước tẩy trang evoluderm tốt, đáng mua nhất 2024",3
review bọt vệ sinh phụ nữ ladysoft premium có tốt không? giá bao nhiêu?,3
shifting là gì? những nguy hiểm không lường của shifting,7
cách trị thâm môi vô cùng hiệu quả mà bạn không nên bỏ lỡ,3
cập nhật chi tiết giờ làm việc j&t mới nhất 08/2024,7
20+ kiểu tóc layer nữ mặt dài đẹp trẻ trung dẫn đầu xu hướng 2024,7
review 3 kem chống nắng vichy cho da dầu tốt nhất hiện nay,3
mồn lèo là gì? tại sao gọi là mồn lèo?,7
thẻ căn cước công dân gắn chip là gì? mang gì khi đi làm thẻ cccd,7
"hướng dẫn 12 cách làm nước mắm chua ngọt ngon, đơn giản, dễ làm",1
top 8 chì kẻ mày phẩy sợi tự nhiên được chị em yêu thích,3
sữa rửa mặt simple có tốt không? top 3 sản phẩm bán chạy nhất,3
"15+ món cô giáo mầm non ý nghĩa, thiết thực nhất",7
review kem chống nắng neoretin có thực sự đáng tiền không?,3
code king legacy (king piece) update mới nhất 08/2024 và cách nhập,0
"25+ cách phối đồ với quần jean ống rộng nam đẹp, thời trang nhất",7
những tác hại của fragrance trong mỹ phẩm đối với làn da của bạn,3
review kem chống nắng hanayuki có tốt không? có nên mua?,3
"top 6 máy sưởi cho trẻ sơ sinh, an toàn, đáng mua nhất",5
những mẫu giày nike đẹp cho nam hot nhất 2024 không thể không mê,7
hành tăm có tốt cho sức khỏe? địa chỉ mua hành tăm ở hà nội,7
tiki 3.3 sale freeship mọi đơn hàng - hàng nhập giảm 50%,7
"review top 10 kem ủ tóc tốt nhất, phục hồi tóc suôn mượt",3
vietcombank là ngân hàng gì? tên tiếng anh ngân hàng vcb đầy đủ?,6
máy khử độc thực phẩm nào tốt? top 8 sản phẩm tốt nhất nên mua,4
"hướng dẫn 7 cách xuống hàng trong excel nhanh gọn, đơn giản",7
cắm trại hồ trị an - địa điểm cắm trại cực thú vị sát vách sài gòn,7
top 10 xịt khử mùi ô tô cho xe thơm mới đáng mua nhất,7
top 5 ghế lười hạt xốp mang lại cảm giác thư thái cho bạn,4
"cách làm 8+ món ngon từ mít thơm, bổ dưỡng, dễ làm tại nhà",7
fpt shop có tốt không? liệu có nên mua hàng tại fpt shop,7
review top 7 máy tăm nước waterpush được tin dùng nhất,3
"mã vùng số điện thoại cố định ở tỉnh, thành phố tại việt nam từ 1/3/2015",7
máy rửa mặt halio sensitive có tốt không? giá bao nhiêu? mua ở đâu?,3
3133 là số gì? số của nhà mạng nào? có phải lừa đảo?,7
top 10 nước tẩy trang nhật bản đình đám bán chạy nhất 2024,3
sữa nan nga số 4 dành cho trẻ mấy tuổi? là sữa của nước nào?,5
"top 5+ túi zip đựng thực phẩm tốt, an toàn nhất nên mua 2024",4
dính lỗi m01 shopee xử lý như thế nào? cách khắc phục hiệu quả,7
1 sào bắc bộ bằng bao nhiêu mét vuông? quy đổi thế nào?,7
"review top 10 sữa rửa mặt không bọt an toàn cho da nhạy cảm, da mụn",3
đánh giá những mẫu điện thoại oppo mới nhất| nên mua mẫu nào?,0
tổng hợp các mẫu giày adidas nam mới nhất 2024,7
trải nghiệm xịt khóa nền colorkey có thực sự tốt? có nên mua,3
suntech co là số gì? có phải cuộc gọi lừa đảo không?,7
review bỉm genki có tốt không? có mấy loại? giá bao nhiêu?,5
[new] full code anime spirit cập nhật 08/2024,0
hướng dẫn chi tiết cách vệ sinh máy lạnh tại nhà hơn cả chuyên gia,7
"cách bày trí mâm cỗ trung thu đẹp, độc và siêu đơn giản",7
"hướng dẫn 4 cách tự tra cứu hợp đồng fe credit nhanh, đơn giản",6
hướng dẫn 4 cách làm sữa chua nếp cẩm tại nhà đơn giản nhất,7
collagen shiseido dạng nước có tốt không? nên mua loại nào?,3
trải nghiệm sau 4 năm sử dụng laptop acer nitro 5 bản 2018,0
hướng dẫn cách đặt hàng trên thế giới di động nhanh chóng,7
bald girl là gì? vẻ đẹp cá tính vượt định kiến xã hội,7
những điều cần biết khi mở tài khoản ngân hàng theo số điện thoại,6
top 10 đồ chơi ô tô điều khiển từ xa cho bé vừa học vừa chơi,5
nước ion kiềm là gì? tại sao nước này được nhiều người yêu thích đến thế,7
"top 15 truyện trinh thám hay, đặc sắc, hấp dẫn nhất 2024",7
[review] sáp tẩy trang zero có mấy loại? da bạn hợp loại nào?,3
đừng vội mua que thử rụng trứng nếu chưa đọc bài viết này,5
review kem chống nắng smile leader tốt không? có mấy loại?,3
ủy nhiệm chi là gì? ví dụ và quy định về ủy nhiệm chi,6
top 10 mẫu boot cao cổ hàn quốc sành điệu dễ phối đồ nhất,7
review mỹ phẩm whoo có tốt không? top sản phẩm bán chạy nhất hiện nay,8
shopee mall là gì? hướng dẫn đăng ký shopee mall nhanh nhất,7
bật mí 15 công dụng của lò vi sóng mà nhiều người chưa biết đến,4
review top 2 kem chống nắng evor tone up và fresh up,3
"cung thiên bình (libra, 23/09 - 22/10) là cung gì, hợp cung nào?",7
serum là gì? công dụng của serum có thần kỳ như lời đồn,3
hướng dẫn chi tiết cách hủy thẻ tín dụng hsbc nhanh nhất 2024,6
review top 10 sữa rửa mặt cho bà bầu an toàn & lành tính,5
review kem chống nắng senka perfect uv milk có tốt không?,3
top 9 các loại thuốc tẩy giun cho trẻ em. loại nào tốt và an toàn nhất hiện nay?,5
"top 10+ máy trộn bột gia đình tốt, giá thành hợp lý nên mua",4
bảo hiểm ung thư là gì? nên mua bảo hiểm bệnh ung thư nào tốt?,3
"1999+ stt đòi nợ hay, những câu nói đòi nợ văn minh khéo léo",7
review kem dưỡng centella nắp trắng có tốt không? cho da gì?,3
review top 10 máy hút bụi giường nệm được yêu thích nhất hiện nay,4
cali là gì? tại sao mọi người lại ghét cali như vậy?,7
top 10 loại nước xịt khoáng cho da tốt nhất hiện nay nên dùng,3
thương hiệu panasonic có những dòng sản phẩm gì? đánh giá top 15 sản phẩm bán chạy nhất,8
top 5+ bình sữa có ống hút và bình sữa rảnh tay cho bé tốt nhất,5
"1500 + stt vui vẻ ngắn, nhẹ nhàng nhưng độc nhất giúp bạn cười thả ga",7
đánh giá mẫu apple watch mới nhất series 6: có nên mua hay không?,0
review thực: sữa dưỡng thể olay b3 vitamin c có trắng da không?,3
review top 9 loại sữa tăng cân cho trẻ trên 10 tuổi tốt nhất,5
top 10 hương nước hoa nam mùa hè được ưa chuộng 2024,3
review về mặt nạ đất sét cattier clay mask của pháp trong skincare routine,3
review top kem đánh răng trắng răng tốt nhất hiện nay,3
review top 6 loại serum b5 phục hồi da tốt nhất 2024,3
"review sữa rửa mặt ziaja nuno cho da dầu mụn, nhạy cảm có tốt không?",3
"kem trị mụn trứng cá là gì? 10 sản phẩm hiệu quả, được tin dùng nhất",3
review lăn khử mùi etiaxil có tốt không? nên mua màu nào?,3
"top 10 chai nước hoa hương gỗ đáng mua nhất 2024: mùi tinh tế, ấm áp",3
review chi tiết kem nền maybelline fit me có tốt không 2024,3
review tã dán người lớn confidence classic day có tốt không?,8
cách phân biệt nước mắm truyền thống và nước mắm công nghiệp,1
mua bếp gas mini nào tốt? top 10 bếp được tin dùng 2024,4
"vay quá dễ là gì? lãi suất, hạn mức, thời hạn vayquade.com như nào?",6
review top 6 loại hạt nêm cho bé ăn dặm dưới 1 tuổi,5
một vạn là bao nhiêu? những cách quy đổi liên quan đến vạn bạn nên biết,7
"cập nhật code nhẫn giả truyền thuyết mới nhất 08/2024 (cách nhập, nhận)",0
nước tẩy trang garnier skinactive - công dụng và lựa chọn cho từng loại da,3
tổng đài shinhan là gì? cách liên hệ với shinhan bank nhanh nhất,7
review bình sữa yoomi 140ml và 240ml cao cấp có tốt không? giá chính hãng?,5
top 7 lớp học phong thủy tại hà nội nổi tiếng uy tín,7
"công dụng, cách chế biến và bảo quản củ cải trong thời gian lâu dài",7
review kem dưỡng d'program skin repair cream phục hồi da,3
review dung dịch vệ sinh hana soft & silk có tốt không?,3
top 10 sữa tăng chiều cao tuổi dậy thì tốt nhất hiện nay,5
top 15 kem dưỡng ẩm được yêu thích nhất hiện nay,3
vay fe credit - giải pháp vay vốn tiêu dùng uy tín hiện nay,7
"top 15 cuốn truyện trinh thám hay, kịch tính đáng đọc nhất",7
danh sách code thiếu nữ aline chạy đi mới nhất 08/2024,7
kinh nghiệm quý khi chọn sữa cho trẻ sơ sinh,7
"top 5 web vay tiền online uy tín, duyệt nhanh, lãi hấp dẫn ✅",6
review top 4 cushion clio cho nàng làn da mịn như nhung,3
"bướm (đen, trắng, vàng, nâu) bay vào nhà là điềm gì? tốt hay xấu",7
bóc hộp & review thực tế máy hút bụi không dây hoover impulse,4
review dầu dưỡng tóc moroccanoil tốt không? giá bao nhiêu?,3
"top 10+ sữa mát cho bé ngừa táo bón, giúp tăng cân tốt nhất",5
ghế tập ngồi cho bé: có nên mua? loại nào tốt nhất?,5
tranexamic acid là gì? tác dụng gì trên da? sử dụng thế nào?,3
"đánh giá sữa rửa mặt lamer care có tốt không? hiệu quả làm sạch, ngăn ngừa mụn ra sao",3
hướng dẫn mua hàng trên fado.vn (cách để mua rẻ nhất),7
mới nhất: bánh trung thu highlands 2024 giá bao nhiêu? có mấy vị?,7
top 15 shop bán đồ ăn vặt trên shopee được yêu thích nhất,7
cách đổi mật khẩu mbbank bằng điện thoại nhanh và chính xác nhất,6
"top mẫu thư cảm ơn khách hàng, đối tác ngắn gọn mà ý nghĩa",7
toàn bộ code tam quốc mèo miễn phí mới nhất 08/2024,7
toner trị mụn có hiệu quả không? top toner có khả năng trị mụn tốt nhất,3
review top 9 sữa rửa mặt se khít lỗ chân lông tốt nhất 2024,3
review top sản phẩm kem chống nắng nivea bán chạy nhất,3
review dầu gội megumi có tốt không? top 3 dòng bán chạy,3
3 cách tra cứu điểm thi tuyển sinh lớp 10 năm 2024 của hà nội nhanh nhất,7
review nước tẩy trang garnier hồng tốt không? hợp với da gì?,3
top những câu thả thính bằng tiếng anh cute giúp bạn đốn tim crush,7
"bộ sưu tập logo blox fruit đẹp, ngầu nhất năm 2024",0
"tổng đài bidv: số điện thoại hotline cskh 24/7 miễn phí, nhanh nhất",7
review 8 loại kẹo vitamin cho bé tốt nhất không thể bỏ qua,5
"top các mẫu giày patin trẻ em chất lượng, an toàn cho bé",5
top 19 bài thơ cho bé 3 tuổi hay nhất giúp bé phát triển trí nhớ,7
review 10 loại bỉm cho mẹ sau sinh mặc thoải mái nhất,5
toàn bộ code hello cafe miễn phí mới nhất 08/2024,7
ngậy tuyệt đối là gì? nguồn gốc cụm từ đang viral tiktok?,7
"vay tiền nhanh solcredit 10 triệu, lãi suất hấp dẫn",6
tế bào gốc trị nám là gì? top 5 sản phẩm trị nám tàn nhang tốt nhất,3
cto là gì? giải mã vai trò quan trọng của giám đốc công nghệ,7
top 10 thương hiệu có deal khủng trong đợt shopee sale 7.7 không thể bỏ lỡ,7
review bình sữa upis có tốt không? so sánh bình upis và moyuum?,5
hướng dẫn cách nhận card trong coin master chi tiết nhất,0
"trải nghiệm xông mặt bằng gừng cho tinh thần thư giãn, da lại đẹp mịn màng",3
[cập nhật] full code kho báu truyền thuyết mới nhất 08/2024,0
"gợi ý một số thực đơn món chay ngon, dinh dưỡng và dễ làm tại nhà",1
"sale gấp bội lazada 2.2: giảm đến 50%, hoàn tiền 300k",7
sữa rửa mặt cetaphil gentle skin cleanser có tốt như lời đồn hay không?,3
sữa tiểu đường nutri diabet giá bao nhiêu? có tốt không?,5
review chi tiết cao nám insam tốt không? có phải là kem trộn?,3
bảng màu son merzy mới và hot nhất 2024: màu nào đẹp?,3
[giải đáp] chơi coin master có rút được tiền không?,0
free fire advance server là gì? hướng dẫn cách tải 2024,0
lãi suất vay ngân hàng agribank mới nhất năm 2024,6
cách làm nem rán truyền thống giòn tan tới miếng cuối cùng,1
hướng dẫn sử dụng find wifi tính năng tìm kiếm mạng wifi miễn phí của facebook,7
top 5 sữa tẩy trang cho da nhạy cảm hiệu quả và an toàn nhất hiện nay,3
review mặt nạ hada labo có tốt không? có bao nhiêu loại?,3
vay tiền online dài hạn là gì? top 5 ngân hàng cho vay tốt nhất,6
"top 10 ấm siêu tốc sunhouse chất lượng, giá tốt 2024",4
review nước súc miệng colgate có tốt không? có mấy loại? giá bao nhiêu,3
máy lạnh midea có tốt không? top 5 sản phẩm chất lượng nhất,4
review phấn nước missha hồng magic cushion cover lasting tốt không?,3
mách mẹ các cách trị nám sau sinh - xua tan nỗi tự ti về ngoại hình hậu thai kỳ,5
"[2024] cách tắt định dạng bán hàng trên facebook nhanh, vĩnh viễn",0
review dầu gội rejoice có tốt không? top 7 đáng mua nhất,3
note ngay 8 món ngon từ nhãn tốt cho sức khỏe dễ làm tại nhà,7
review nước tẩy trang bio-essence giá hơn 200k có tốt không?,3
"top 10 máy xay cà phê tốt, giá thành hợp lý nhất nên mua 2024",4
full code pet catcher mới nhất 08/2024 và cách nhập code,0
top 5 sản phẩm chắn cầu thang đảm bảo an toàn cho con trẻ,5
"99+ mẫu lời cảm ơn sau tang lễ, đám hiếu chân thành, ý nghĩa",7
review sữa grow plus vinamilk? so sánh loại xanh và đỏ?,5
sữa chua hết hạn ăn được không? 9 mẹo tận dụng sữa chua hết hạn,7
3 cách làm bánh bông lan bằng bột mì tại nhà đơn giản nhất,1
review top 10 loại mì ăn dặm cho bé tốt được ưa chuộng nhất,5
review kem chống nắng decumar có tốt không? dành cho da gì?,3
shopee affiliate là gì? cách kiếm tiền với affiliate hiệu quả nhất,7
gợi ý top 8 tủ lạnh giá rẻ dưới 2 triệu nên mua nhất hiện nay,4
thot là gì? ý nghĩa của thot và nguồn gốc ra đời của thot,7
review dầu gội biotin collagen trắng có tốt không?,3
top 10 thương hiệu đồ lót nam được ưa chuộng ở việt nam,3
tinh dầu là gì? những tác dụng nổi bật của tinh dầu đến với sức khỏe.,7
"top 15+ món quà 8/3 cho vợ lãng mạn, ý nghĩa nhất nên chọn",7
retinol intense serum của some by mi có thực sự nên dùng?,3
combo đi sinh abena có những sản phẩm gì? có tốt không? giá bao nhiêu?,5
"những câu nói thất vọng về chồng, stt thất vọng về đàn ông thấm nhất",3
"top 15+ truyện bách hợp hay nhất, đã hoàn bạn nên đọc một lần",7
top 10 cuốn truyện hay nên đọc mà bạn nhất định phải thử,7
"top 5 bút kẻ bọng mắt giúp đôi mắt to tròn, hút hồn",3
hallyu là gì? ảnh hưởng của làn sóng hallyu đến giới trẻ việt như thế nào,7
"chủ nhà tuổi tý chọn người xông đất, xông nhà năm 2024",7
trà sữa vietnam airlines có ngon không? mua ở đâu? giá bao nhiêu?,7
date to marry là gì? có nên hẹn hò theo kiểu date to marry,7
"1999+ ảnh đam mỹ đẹp, chất lượng 4k tải về điện thoại, laptop",7
review chi tiết & cách pha sữa kid essentials,5
[review] top 3 kem chống nắng shiseido có thực sự tốt như lời đồn?,3
"top 20 thực đơn cho bé 2 tuổi mỗi ngày đủ dinh dưỡng, tăng cân đều",7
"sinh ngày 23/10 cung gì? bói vận mệnh, tình yêu, sự nghiệp 2024",7
hướng dẫn 2 cách xoá lịch sử mua hàng shopee nhanh nhất,7
top 10 những cuốn sách dành cho tuổi 14 hay và bổ ích nhất,7
sự thật về doctordong đòi nợ - nỗi ám ảnh của người vay,6
những shop bán đồ 2hand trên shopee rẻ - đẹp - độc nhất 2024,7
bút thử điện là gì? nên sử dụng loại bút thử điện tử nào,4
review top 10+ sữa tốt cho bà bầu 3 tháng đầu nên dùng,5
"hóa vàng ngày nào đẹp, giờ nào tốt tết giáp thìn 2024",7
techcombank là ngân hàng gì? tcb là ngân hàng nhà nước hay tư nhân?,6
tổng hợp số điện thoại hotline cần biết tại việt nam hoặc cần giúp đỡ từ việt nam,7
review thực tế kem trị nám melasma có tốt không? có nên mua?,3
adidas sale 50% 2024 săn hàng loạt sản phẩm hot hit,7
review xịt khoáng vt x bts born natural gel mist có tốt không?,3
review dầu gội nguyên xuân có mấy loại? dùng có tốt không?,3
quỹ vàng spdr là gì? hướng dẫn theo dõi quỹ vàng gold trust,6
hướng dẫn chi tiết cách nhập mã code alight motion 2024,7
bụng phẳng eo thon bằng cách giảm mỡ bụng tại nhà trong 1 tuần,3
máy rửa mặt foreo luna mini 2 có tốt không? giá bao nhiêu? mua ở đâu?,3
đánh giá top 10 serum obagi đình đám được yêu thích nhất năm 2024,3
"tiêu chí đánh giá máy hàn điện tử tốt, giá thành phù hợp nhất",7
"review sữa rửa mặt cerave cho da khô, da thường: có nên dùng không?",3
finalissima là gì? thông tin về giải bóng đỉnh cao finalissima 2025,7
review thực tế dầu gội xả l'oréal paris elseve color protect 7 weeks,3
eboy là gì? soft boy nghĩa là gì? egirl là gì,7
bỉm angle có tốt không? giá bao nhiêu? mua ở đâu chính hãng?,5
top 8 địa chỉ vay tiền bằng cmnd và gplx lãi suất thấp 2024,6
bột mì số 13 là gì? top 5+ bột bánh mì số 13 bread flour tốt nhất 2024,7
review top 3 kem chống nắng holika có tốt không? hợp da gì?,3
review tẩy da chết whoo dưỡng trắng: giá cao nhưng có tốt?,3
review nước tẩy trang drceutics ultra-mild olive tốt không?,3
[giải đáp] đắp mặt nạ có cần rửa lại không? lưu ý cần nhớ,3
"hướng dẫn cúng 30 tết đầy đủ: mâm lễ, bài cúng, cách cúng",7
"hướng dẫn cách mua hàng trên shop samsung đơn giản, chi tiết",7
bộ sưu tập 10 mẫu điện thoại màn hình lớn nhất 2024 bạn không nên bỏ qua,0
cúng mùng 2 là cúng gì? bài văn cúng mùng 2 chuẩn nhất,7
"101+ hình ảnh chào ngày mới đẹp, ý nghĩa, tạo năng lượng",7
top 10 mẫu giày adidas nữ chính hãng hot trend nhất 2024,7
"top 9+ sữa tắm trắng da toàn thân không bắt nắng, thơm lâu nhất 2024",3
homie là gì? làm thế nào để nhận biết homie là gì,7
review dung dịch vệ sinh saforelle tốt không? có đắt không?,3
"top thực đơn giảm cân cho học sinh trong 7 ngày hiệu quả, tiết kiệm nhất",7
mặt nạ cho da nhạy cảm là gì? top 10 sản phẩm tốt nhất,3
top 15 món quà 8/3 cho người yêu ngọt ngào và lãng mạn nhất,7
cách tham gia fristi.vn đổi quà nhập mã 2023 dễ dàng nhất,2
top 4 loại kem lót mac được yêu thích nhất năm 2024,3
review nước dưỡng tóc cocoon có tốt không? cách dùng mẫu mới,3
"hướng dẫn cách ẩn, cách sửa đánh giá trên shopee nhanh nhất",7
review chi tiết top 9 kem chống lão hóa đang được yêu thích nhất,3
review serum medi peel glutathione 600 white ampoule có tốt không?,3
nghiêng nước nghiêng thành là gì? ý nghĩa như thế nào?,7
cập nhật danh sách hệ thống cửa hàng uniqlo hà nội mới nhất 2024,7
có nên uống viên chống nắng và thay thế hoàn toàn cho kem chống nắng không?,3
tổng hợp full code nhất niệm tiêu dao 08/2024 đầy đủ,0
"làm sao để có người yêu? cách giúp bạn tự tin, nổi bật thu hút crush",7
top 3 trung tâm sửa điện thoại uy tín ở hcm,0
thương hiệu philips của nước nào? có nên mua sản phẩm thương hiệu philips không,8
review máy hút sữa spectra 9 plus có tốt không? mua ở đâu?,5
"bảnh là gì trên facebook, tiktok? trend bảnh là gì?",7
review top 5 máy hâm sữa cầm tay mini tốt nhất mẹ nên mua,5
"top app đặt đồ ăn online ngon, giá rẻ được dân mạng tin dùng nhiều nhất",1
review nước tẩy trang garnier cho da dầu mụn có tốt không?,3
thegioididong lừa đảo? thegioididong có uy tín không?,7
review top 3 cushion espoir che phủ đỉnh cao bán chạy 2024,3
gà rán bao nhiêu calo? cách ăn gà rán không tăng cân?,7
top 10 local brand giá rẻ nhưng chất lượng miễn chê cập nhật mới nhất,7
máy lọc nước gia đình là gì? top 10 máy lọc nước cho gia đình tốt nhất,4
"top 10 hộp cơm giữ nhiệt zojirushi chất lượng tốt, bán chạy nhất hiện nay",7
top 10 shop quốc tế uy tín trên shopee không thể bỏ qua,2
0228 là mạng gì? có phải đầu số cuộc gọi lừa đảo?,7
kem chống nắng anessa gold milk bảo vệ da tốt như thế nào?,3
top 10 loại cây đuổi muỗi siêu hiệu quả và dễ trồng trong nhà,7
"thuốc chữa yếu sinh lý nam giới tốt nhất hiện nay. cải thiện nhanh, trị dứt điểm",7
review ủ mụn đầu đen medipeel extra super 9 có thần thánh như lời đồn?,3
stt tháng 10 ❤️️ những câu nói hay và ý nghĩa chào tháng 10,7
"tips chọn khăn giấy ướt. top sản phẩm tốt, an toàn 2024",5
review bỉm mijuku của nước nào? có tốt không? giá bao nhiêu?,5
"1 mẫu bằng bao nhiêu m2, bao nhiêu sào, bao nhiêu ha?",7
cấu trúc và chức năng của da: chìa khóa cho làn da đẹp,3
"iphone 13 giá bao nhiêu? đặt trước với giá ưu đãi, sở hữu iphone 13 sớm nhất việt nam",0
hướng dẫn chi tiết cách sử dụng điều hòa daikin với mọi model máy,0
review kem chống nắng gorgeous tốt không? liệu có phải là kem trộn?,3
reviews chi tiết kem chống nắng cancer council face day moisturizer,3
sẽ gầy là gì? tại sao trên mạng xã hội lại có nghĩa đen tối?,7
đi đường quyền là gì? tại sao nhiều người sử dụng từ này,7
review kem dưỡng hazeline nghệ kiwi mới nhất có thực sự tốt?,3
review top 7 điều hòa cây giá rẻ đáng mua nhất hè năm 2023,8
"1 quả táo bao nhiêu calo? ăn táo xanh, táo đỏ có béo không?",3
top lý do không ngờ khiến điện thoại bị chai pin và cách khắc phục,7
top 2 kem chống nắng dr. baumann được yêu thích nhất,3
code kiếm thế origin cập nhật mới nhất 08/2024,7
full code chiến thần afk mới nhất 08/2024 và cách nhập,0
review top 10 sản phẩm máy trợ thính tốt nhất năm nay,3
review top 5 viên rửa bát tốt nhất không thể bỏ qua 2024,4
hướng dẫn cách vệ sinh máy giặt cửa ngang chi tiết từ a-z,7
đánh giá top 10 tủ lạnh panasonic inverter được ưa chuộng nhất,7
"hạng thẻ diamond mbbank là gì? ưu điểm, biểu phí và các hạn mức của thẻ",6
viên rửa mặt - xu hướng mỹ phẩm tiện lợi và làm sạch sâu,3
quỹ etf là gì? tất tần tật những điều nhà đầu tư cần nắm?,6
review nồi chiên không dầu camel có tốt không? loại nào tốt?,4
review kem dưỡng thể louv cell có tốt không? giá bao nhiêu?,3
top 10 quạt hộp nhỏ được tin dùng hiện nay,4
"1001+ stt áo dài hay, cap thả thính áo dài hài hước 2024",7
tinh dầu tầm xuân trilogy rosehip oil: là con gái ai cũng nên sắm 1 lọ,3
đánh giá top 10 sữa rửa mặt cho nam tốt nhất đáng mua nhất 2024,3
top 10 ấm đun nước siêu tốc giá rẻ dưới 500k tốt nhất hiện nay!,7
"cách lấy mã giảm giá shopee săn nhanh, đơn giản nhất",7
review nước hoa suddenly? mùi nào thơm nhất 2024,3
"stt mùa thu chất - những câu nói, cap, tus, lời chào thu ý nghĩa",7
"review top 5 máy cạo râu philips tốt nhất, đáng mua nhất 2024",7
top 10 app giao hàng siêu tốc trong ngày uy tín nhất hiện nay,7
hướng dẫn cách share game nhận mã miễn phí vận chuyển shopee,7
trend mặt trăng là gì và giải mã các bí ẩn sau trend mặt trăng,7
kem chống nắng hữu cơ là gì? 5 sản phẩm tốt nhất nên mua,3
review thực phẩm bảo vệ sức khỏe innerb snow white - liệu có tốt như lời đồn?,3
review sữa béo nga có tốt không? sữa béo newmilky có tốt?,5
ủ tóc bằng bia - chia sẻ xu hướng làm đẹp mới của phái nữ,7
"văn khấn thần tài ngày rằm, mùng 10, mùng 1 và hàng ngày chuẩn nhất",7
10+ tips phối đồ với giày jordan đẹp và chất dành cho nam và nữ,7
"review top những nồi chiên không dầu 7 lít tốt, đáng mua",4
full bộ code đại hiệp chạy đi cập nhật 08/2024,7
"top 20+ bài hát chúc mừng sinh nhật hay, dễ hát, huyền thoại",7
biểu đồ chuẩn chiều cao và cân nặng cho trẻ sơ sinh 0-12 tháng,5
top 10 sách học tiếng anh cho bé 3 tuổi ba mẹ nhất định phải biết,7
[giải đáp] trời mưa có cần bôi kem chống nắng không?,7
đánh giá 7 loại dầu tẩy trang shu uemura có đáng để đầu tư?,3
đi date là gì? giải mã bí ẩn hẹn hò của giới trẻ hiện đại,7
review kem nền perfect diary được nhiều người sử dụng nhất hiện nay,3
đánh giá chi tiết mỹ phẩm purité de prôvence có tốt không,3
cá cơm khô làm món gì ngon? top 10 món dễ làm từ cá cơm khô ngon nhức nách,1
hướng dẫn chi tiết cách đặt hàng trên amazon,7
bật mí cách chọn vali tốt để đi du lịch chuẩn không cần chỉnh,7
"cách làm bánh ăn sáng bằng bột mì thơm ngon, đơn giản",1
thẻ đen vietcombank là gì? điều kiện để sở hữu thẻ,6
ý nghĩa của loài hoa tuyết mai. hướng dẫn chọn và cắm hoa,7
review top 7 son dưỡng môi mềm mịn đáng mua nhất hiện nay,3
"tác hại tia uv nghiêm trọng như thế nào đối với làn da, mắt?",7
lỗi f01 shopee là gì? cách khắc phục lỗi nhanh chóng nhất,7
[mới] review laneige radian-c cream có trắng sáng thật không?,3
"top 10 truyện ma ngắn kinh dị, rùng rợn 2024 - đừng đọc ban đêm",7
review feg dưỡng mi tốt không? nên mua loại nào phù hợp?,3
top 10 mẫu áo ngực không gọng tôn vòng 1 tốt nhất hiện nay,3
review kem nền innisfree có tốt không? hợp với da gì?,3
review mascara karadium on the top fiber chi tiết nhất,3
top 20 phim tình cảm thái lan hay nhất 2024 nhất định phải xem,7
review chi tiết về dòng sản phẩm love beauty and planet từ nhà unilever,3
99+ hình ảnh hoa đào ngày tết đẹp nhất mừng năm mới 2024,7
"top 5+ serum trị nám, tàn nhang tận gốc hiệu quả nhất nên dùng",3
top 10 màu son mlbb vừa xinh vừa nịnh môi hết cỡ - bạn đã thử chưa?,3
giải mã hiện tượng nóng tai trái. nóng tai trái báo hiệu điềm gì?,7
note ngay những món quà 20/10 tặng bạn gái ý nghĩa nhất,7
top 7 viên uống vitamin c có hiệu quả tốt nhất 2024,3
"sữa optimum cho trẻ 1 tuổi - hỗ trợ tăng cân, tăng đề kháng",5
dầu gội argan oil là gì? top 5 dầu gội đầu argan oil tốt nhất nên mua,3
kem tẩy tế bào chết naturals by watsons rice bran & soy bean có tốt không?,3
"top 5 app vay nhanh 1 triệu uy tín, duyệt nhanh nhất 2024",6
top 7 thảm tập yoga có chất lượng tốt nhất hiện nay,3
"top những bài hát karaoke hay nhất cho nam, nữ dễ hát năm 2024",7
doctordong là gì? những lưu ý khi vay tiền doctor đồng,6
nước hoa tester là gì? có gì khác nước hoa bình thường?,3
hướng dẫn chi tiết cách đặt vé máy bay trên traveloka,7
"1000+ stt hoàng hôn, cap về hoàng hôn ngắn thả thính",7
fe credit là gì? hố tín dụng đen hay nơi vay tín chấp uy tín?,7
review top 12 loại kem trị nứt gót chân hiệu quả tốt nhất,3
review sữa nestle gấu dành cho trẻ mấy tuổi? có tốt không?,5
mặt nạ phục hồi da là gì? top 10 mask phục hồi nhanh chóng,3
cách làm siro mận hà nội (mận bắc) để được lâu cực đơn giản tại nhà,1
top 10 sữa cho trẻ suy dinh dưỡng của viện dinh dưỡng tốt,5
"top 6 xịt lạnh giảm đau cơ bắp, xương khớp hiệu quả nhất",3
chơi hụi là gì? cách chơi hụi như thế nào? có vi phạm luật không?,7
bắp cải bao nhiêu calo? cách ăn bắp cải giảm cân hiệu quả,7
review laneige white dew original ampoule essence,3
công thức trà sen vàng highland chuẩn vị có thể làm tại nhà,7
review mặt nạ banobagi có tốt không? công dụng của từng loại,3
top 15+ truyện đam mỹ ngược tâm đau thấu tâm can hay nhất,7
chọn đồ chơi cho trẻ 6 tháng tuổi và những bài học quý giá từ người nhật,5
review các loại máy xay ăn dặm bear được ưa chuộng nhất hiện nay,5
hướng dẫn cách sử dụng mã giảm giá tiki cho người mới,2
[review] kem chống nắng invisible shield ex có đáng mua?,3
top 10 cushion chống nắng bạn không thể bỏ qua hè này,3
review nước tẩy trang chacott mẫu mới có thực sự tốt không?,3
tặng quà sinh nhật cho bạn trai 30 tuổi ý nghĩa nhất,7
drone là gì? giải đáp mọi thắc mắc về máy bay không người lái,7
review tẩy da chết huxley có tốt không? dành cho da gì?,3
review kem lót innisfree có tốt không? hợp với da gì?,3
bột ngũ cốc lợi sữa cho mẹ sau sinh có tốt không? nên chọn loại nào?,5
top kem dưỡng trắng da mặt cho da ngăm đen hiệu quả 2024,3
tổng đài sacombank| số hotline-cskh miễn phí 24/24 toàn quốc,7
chia sẻ kinh nghiệm nên mua tivi hãng nào tốt nhất hiện nay?,4
"nước ngâm lens là gì? top 7+ nước ngâm, rửa len tốt nhất 2024",7
top 7 web dịch tiếng anh 2024 chuẩn chỉnh nhất nên dùng,0
bóc phốt: kem body whisis ban đêm có tốt thật không?,3
4 lý do nên sở hữu máy uốn tóc halio premium ngay trong hè này,3
review cushion nào tốt? top 10 cushion đáng mua nhất hiện nay,3
review mặt nạ đất sét beuclay hot tóp top có thực sự tốt?,3
top 9 giá treo quần áo thông minh nên có trong nhà bạn,4
top 6 sản phẩm beaucaire dr baumann được khuyên dùng,3
top 10 cuốn sách thai giáo cho bà bầu hay các mẹ nên đọc,7
cách tính phần trăm như thế nào? cách tính trong excel?,7
review máy hút bụi dyson v12 chi tiết nhất. có nên mua không?,4
top 20 bài hát tiếng anh cho bé được yêu thích nhất hiện nay,7
vnpay là gì? tìm hiểu chi tiết toàn bộ thông tin từ a-z,6
tháng 9 cung gì và những điểm đặc biệt xung quanh những người sinh tháng 9,7
"những bài thơ 8/3 ngắn gọn, ý nghĩa tặng mẹ, vợ, cô giáo",7
review loại nhiệt kế đo nước nào được ưa chuộng nhất hiện nay?,5
tất tần tật những điều mẹ cần biết bề wonder week thời kỳ khó ở của trẻ,5
nên đeo đồng hồ tay nào là đúng chuẩn? nên đeo tay trái hay tay phải,7
"note ngay 20+ món ngon cuối tuần đơn giản, dễ làm nhất tại nhà",1
top 8 nồi chiên không dầu giá rẻ mà chất lượng bất ngờ,4
quả blueberry là quả gì? ăn blueberry có tác dụng gì? blueberry bán ở đâu,3
tiêu chuẩn thực đơn nhà hàng 5 sao có gì? 7 menu nhà hàng 5 sao sang chảnh,7
gợi ý 100+ cách đặt tên shop quần áo hay - độc- lạ nhất 2024,7
ukm là gì? ý nghĩ của từ ukm trên facebook là gì,7
kem dưỡng ẩm johnson baby có mấy loại? đánh giá chi tiết từng loại,3
rap diss là gì? tổng hợp những thuật ngữ và khái niệm trong hip hop,7
top 10 tủ lạnh mini nhỏ nhất giá rẻ đáng mua nhất hiện nay,4
quỹ mở là gì? chiến lược đầu tư vào quỹ mở nhà đầu tư cần nắm,6
khóa học tiếng hàn online nào tốt? có nên học tại unica?,7
review bỉm supdry - bỉm nội địa trung có tốt như lời đồn?,5
simp là gì? nguồn gốc? ý nghĩa? bạn có phải là một simp,7
toner giấm táo có thực sự trị mụn “thần thánh” như lời đồn? cách làm dễ nhất,3
mặt nạ thải độc - sản phẩm không thể thiếu cho một làn da khỏe mạnh từ sâu bên trong,3
giải đáp từ a - z: có được mang nước hoa lên máy bay không?,7
review sữa nutrish có tốt không & 4 công dụng vượt trội nhất,5
top 15 loại sữa tắm thơm lâu cho nữ và nam tốt nhất 2024,3
tổng đài shb? số hotline cskh ngân hàng shb 24/24 mới nhất 2024,6
top 8 kem trị nám giá bình dân hiệu quả được khuyên dùng,3
"top 15+ món quà cưới cho bạn thân ý nghĩa, thiết thực nhất",7
đánh giá chi tiết top 10 tủ đông sanaky bán chạy nhất hiện nay,4
"top 1500+ lời chúc giáng sinh tiếng anh hay, ý nghĩa nhất",7
review kem chống nắng image skincare có tốt như bạn nghĩ,3
gạo muối cúng xong thì làm gì? những điều cần lưu ý khi cúng gạo muối,7
gợi ý top 10 nồi chiên không dầu tefal trợ thủ đắc lực cho bà nội trợ,4
"trở lên hay trở nên, từ nào đúng chính tả tiếng việt?",7
xịt dưỡng tóc double rich có tốt không? loại nào tốt nhất?,3
"top 7 địa chỉ vay 30tr bằng cmnd uy tín, lãi suất thấp 2024",6
các shop bán áo hoodie đẹp trên shopee nhất định phải ghé thăm mỗi mùa thu - đông,7
"toàn bộ cách trị nám da mặt tận gốc, an toàn nhất hiện nay",3
có nên mua tủ lạnh 2 cửa không? top 7 tủ lạnh 2 cánh cánh đáng mua nhất hiện nay,7
99+ kiểu tóc dài đẹp và hợp xu hướng hot nhất năm nay,3
cake ngân hàng số là gì? có an toàn không? có nên sử dụng không?,6
cách mở tài khoản ngân hàng online không cần cmnd nhanh nhất,6
"list caption hay, hài hước, độc lạ hút tương tác đỉnh nhất 2024",7
"top 10 quạt tích điện mini bền, đẹp, chất lượng tốt nhất hiện nay",4
da mụn có nên tẩy tế bào chết? giải đáp thắc mắc a-z,3
review kem dưỡng retinol radha beauty miracle được beauty blogger khen ngợi,3
4056 là gì? giải mã bí ẩn con số 4056 không phải ai cũng biết,7
học ngay 10 cách xếp đồ vali giúp bạn vi vu mang theo cả thế giới,7
kinh nghiệm chọn lều cắm trại giá rẻ và top sản phẩm đáng mua,7
review kem mắt the inkey list caffeine có tốt không?,3
tổng đài seabank là gì? cách liên hệ tổng đài cskh seabank,7
bình sữa pigeon nội địa nhật có mấy loại cho trẻ sơ sinh?,5
"99+ lời chúc đầu tuần, chào tuần mới may mắn, đầy năng lượng",7
máy đo huyết áp là gì? loại máy nào tốt nhất cho gia đình,3
"10+ mẫu mái thưa layer đẹp hot trend, hack tuổi nhất 2024",7
review chảo gang là gì? có tốt không? top 7 thương hiệu tốt,4
review son mac 989 là màu gì? hợp với những làn da nào?,3
tổng hợp đầy đủ tất cả các sản phẩm trong bộ trang điểm cá nhân cho các nàng,3
"kính mát có độ là gì? vì sao nên sử dụng kính mát, kính râm có độ?",7
review máy hâm sữa gluck tốt không & hướng dẫn cách sử dụng,5
top 4 serum vitamin c dưỡng sáng da an toàn giá khoảng 300k được tin dùng nhất hiện nay,3
gel tắm bí đao cocoon winter melon shower tốt không? giá bao nhiêu?,3
"tổng hợp 99+ hình nền điện thoại đẹp nhất 2024 (full-hd, 4k)",7
cẩm nang mang thai: thai nhi 37 tuần tuổi,7
bà bầu nên ăn gì để con khỏe mạnh và thông minh? thực đơn cho mẹ bầu,5
top kem chống nắng anjo hàn quốc bán chạy nhất hiện nay,3
oxybenzone là gì? oxybenzone trong kem chống nắng có hại không?,3
review top 10 serum cấp ẩm cho da dầu được yêu thích nhất,3
review máy đun nước pha sữa fatz quick 9 fb3526tn tốt không?,5
"ăn gì để cao nhanh và tự nhiên, thực phẩm tăng chiều cao cho tuổi dậy thì",7
review serum klairs loại nào được yêu thích nhất 2024?,3
thiếu nhi là bao nhiêu tuổi? ngày quốc tế thiếu nhi dành cho đối tượng nào,7
hướng dẫn đăng ký tài xế xanh sm bike thu nhập đến 18 triệu,0
định vị điện thoại là gì? có cần thiết không? cách dùng như nào?,0
come out là gì? trong lgbt come out nghĩa là gì?,7
review kem chống nắng klairs có tốt không? hợp với da gì?,3
cách đổi quà kun 2024 như thế nào? đổi thẻ kun ở đâu?,7
review tủ lạnh side by side đáng mua nhất thị trường 2024,4
"những chiếc điện thoại 2 sim cao cấp tốt nhất, bền và giá trên 10 triệu",7
nồi chiên hơi nước là gì? top 7 nồi chiên bằng hơi nước tốt nhất,4
"chở hay trở? từ nào đúng chính tả, cách dùng chính xác nhất",7
sữa ensure cho trẻ em có uống được không? loại nào phù hợp?,5
top ảnh free fire giàu đỉnh của chóp khiến bạn phải trầm trồ!,7
"địa chỉ là gì? cách đọc và tìm số nhà, ngõ, hẻm chính xác 2024",7
"15+ kiểu tóc mái bay đẹp, trẻ trung, phù hợp mọi khuôn mặt",3
chuyển tiền mbbank từ a - z: 3 cách chuyển tiền online nhanh nhất,6
sao băng là gì? tại sao lại có hiện tượng mưa sao băng?,7
bộ cọ trang điểm cá nhân là gì? 10 bộ cọ nên mua nhất,3
xuất sắc hay suất sắc? dùng từ nào mới là đúng chính tả?,7
review lăn khử mùi scion của mỹ có tốt không? giá bao nhiêu?,3
peel bong tróc và peel da không bong tróc: chọn cách nào?,3
toàn bộ code ngọc rồng huyền thoại mới nhất 08/2024,7
top 10+ kem trị mụn cho nam giới hiệu quả nhất hiện nay,3
review xịt khử mùi refre có tốt không? mùi nào thơm nhất?,3
tổng hợp full code nấm lùn tiến lên mới nhất 08/2024,0
có thể tra số shipper shopee express không? cách khiếu nại?,7
cập nhật tất cả thông tin vận chuyển shopee quan trọng nhất,7
review các loại sữa bột của vinamilk: loại nào tốt nhất?,5
mỹ phẩm sum:37 có tốt không? đánh giá top best seller,3
mỹ phẩm nacific tốt không? review top 7 sản phẩm tốt nhất của hãng,3
danh sách các ngân hàng thương mại lớn nhất việt nam,7
đánh giá ưu nhược điểm của bếp từ bluestone? gợi ý top 5 bếp từ bán chạy nhất,4
top 15+ loại nước ép đẹp da từ rau củ quả nên uống mỗi ngày,7
3 cách diệt virus trên máy tính win 11 không cần phần mềm,0
top 10 xịt khóa make up chất lượng đỉnh của chóp 2024,3
review top 8 loại sữa tăng chiều cao cho bé 1 tuổi tốt nhất,5
đánh giá top 5 nước hoa tom ford nam loại nào thơm nhất?,3
quốc tang là gì? quốc tang cấm những hoạt động nào?,7
sữa tăng chiều cao hiup có tốt không? mua chính hãng ở đâu?,5
gợi ý 15+ món ngon từ vải tốt cho sức khoẻ dễ làm tại nhà,7
review 2 phấn phủ perfect diary được yêu thích nhất hiện nay,3
amazon có uy tín không? mua hàng amazon có đảm bảo không?,7
sông nào dài nhất thế giới? top 10 sông dài nhất hiện nay?,7
hướng dẫn cách đăng ký học thử monkey junior miễn phí từ a-z,7
top 10 cây lau nhà thông minh 360 độ đáng mua nhất 2024,4
top 10 bút kẻ mắt chất lượng được phái đẹp bầu chọn nên dùng,3
hướng dẫn cách nạp tiền vào ví shopee (shopeepay) chi tiết,7
"50+ mẫu hình xăm đôi mini cực đẹp, cực ý nghĩa hot nhất",7
top 10 dung dịch vệ sinh nam tốt được bác sĩ khuyên dùng,3
đánh giá top 5 sản phẩm nồi lẩu mini bán chạy nhất,4
kem dưỡng ẩm là gì? sử dụng kem dưỡng ẩm đúng cách hiệu quả cao,3
14/2 là ngày gì? ý nghĩa ra sao? ai tặng quà cho ai?,7
top 10 thương hiệu chính hãng có chương trình sale hot nhất dịp sinh nhật tiki 2022,7
"top 15 phim hàn quốc hay, được mong đợi nhất 08/2024",7
review kem chống nắng senka hồng có tốt không? cho da gì?,3
baking soda là gì? mua ở đâu? có công dụng/tác dụng gì?,3
top 10 thảm tập thể dục tại nhà được ưa chuộng nhất,7
bảo hiểm hanwha life hàn quốc lừa đảo có thật không?,7
"review top 10 máy tăm nước tốt, đáng mua nhất trên thị trường 2024",3
review phấn nước cầu vồng xiêm la mistine có “đỉnh” thật không?,3
máy làm sữa chua loại nào tốt? top 8 sản phẩm nên dùng nhất,4
review 3 phấn phủ 3ce được yêu thích nhất hiện nay,3
review sữa grow plus xanh đặc trị biếng ăn có tốt không?,5
review top 8 loại tẩy tế bào chết body tốt nhất nên mua,3
love spell là gì? bùa yêu love spell có hiệu quả hay bị quật không?,7
"đánh giá son 3ce màu đỏ đất: son siêu mềm mịn, lên màu chuẩn nhưng nhanh trôi",8
[mới] tổng hợp full code học viện rồng thần 08/2024,0
crush là gì? dấu hiệu crush thích mình? cách tỏ tình crush thành công,7
đừng mua nồi cơm điện đa năng nếu chưa đọc bài viết này!!!!!!,4
rau thối là gì? 6 món ngon từ rau rừng tây bắc dễ làm tại nhà,1
giải đáp tất tần tật về shopee kênh người bán cho người mới,7
top 10 kem trị sẹo tốt nhất mờ sẹo nhanh chuyên gia khuyên dùng 2024,3
máy nước nóng năng lượng mặt trời nào tốt nhất hiện nay,0
máy lọc nước ion kiềm là gì? top 10 sản phẩm bán chạy nhất 2024,4
"1999+ stt năng lượng tích cực hài hước, yêu đời cho ngày mới",7
đánh giá top 7 serum paula's choice được yêu thích nhất 2024,3
top 30+ món quà tặng sinh nhật dưới 200k ý nghĩa tặng mọi người,7
"review top 8 khách sạn tình yêu đà nẵng chất lượng, lãng mạn",7
vay 20 triệu home credit lãi suất bao nhiêu? cách tính lãi suất vay home credit,6
"ý nghĩa 78 lá bài tarot giúp bạn luận giải về tình yêu, công danh, vận mệnh",7
đặt mua hàng online điện máy xanh chính hãng giá khuyến mãi,2
"cách tham gia malto đổi quà săn iphone 15 256gb, xe máy điện",7
review top 3 sữa rửa mặt torriden bán chạy nhất hiện nay,3
đậu xanh bao nhiêu calo? đậu xanh có hỗ trợ giảm cân không?,7
"full code huyền thoại hải tặc (htht) mới nhất 08/2024 (cách nhập, nhận)",0
cù lẳng là gì? cách tránh những hiểu lầm khi sử dụng từ cù lẳng,7
"top 10 dụng cụ mài dao siêu bén, giúp mài giao cực nhanh",4
tuyển gấp 5 vị trí biên tập viên làm việc tại tp vinh đi làm ngay,7
kinh nghiệm đặt lịch khám bác sĩ collin phòng khám family medical practice ở 298 kim mã,7
bột sắn dây bao nhiêu calo? bột sắn dây giảm cân tốt không?,7
"những mẫu đầm đẹp nhất hiện nay đảm bảo vẻ ngoài xinh xắn, thu hút mọi ánh nhìn",7
kem chống nắng innisfree cho da dầu có mấy loại? nên chọn loại nào?,3
sữa rửa mặt garnier có mấy loại? top 3 sản phẩm tốt nhất,3
cách đuổi kiến ra khỏi nhà hiệu quả và an toàn bằng nguyên liệu rẻ tiền,7
review kem l'oreal revitalift ban ngày chống lão hóa,3
top 4 nước hoa zara nam làm mưa làm gió trong năm 2024,3
top 100+ stt khoe đơn hàng tăng tương tác và tỷ lệ chốt đơn,7
bậu là gì? ý nghĩa của từ bậu không phải ai cũng biết?,7
gợi ý các món ăn ngon ngày hè cho gia đình bạn,7
đánh giá chi tiết nồi cơm điện tách đường ninosun có tốt không? có nên mua không,0
review son dưỡng astrid có tốt không? mua chính hãng ở đâu?,3
review sữa tắm trắng yukina có tốt không? giá bao nhiêu? mua ở đâu?,3
có nên mua máy lọc không khí? top sản phẩm tốt nhất 2024,4
full code kamehameha simulator mới nhất 08/2024,7
review dầu gội khô colab có mấy loại? mùi nào thơm nhất?,3
tổng hợp những lời chúc mừng thọ hay và ý nghĩa nhất,7
tại sao bôi kem chống nắng bị vón cục? xử lý như thế nào?,3
kinh nghiệm mua tủ lạnh chuẩn nhất từ nhân viên điện máy,4
du lịch phú quốc: giá vé cáp treo hòn thơm 2024 mới nhất,7
99+ quà tặng sinh nhật vợ ý nghĩa thiết thực 100% ưng ý,7
top 5 máy rót rượu tự động thông minh được ưa chuộng nhất,4
"1666+ những câu nói hay về mẹ ý nghĩa, cảm động rơi nước mắt 2024",7
review top 5 mặt nạ huxley có lượt bán khủng nhất năm 2024,3
note 30 thực đơn cho bà bầu bị tiểu đường thai kỳ tốt nhất,1
1500+ lời chúc 20/11 bằng tiếng anh hay và ý nghĩa nhất gửi tặng thầy cô,7
bao cao su có gai có mấy loại? nên mua loại nào để sử dụng?,7
review mousse aussie làm xoăn và phồng tóc có tốt không?,3
review top 10 sữa rửa mặt cho nam da dầu mụn tốt nhất hiện nay,3
"top 15 loại bánh ăn vặt ngon, tốt cho sức khỏe nhất 2024",1
niacinamide là gì mà được gọi là hoạt chất vàng của ngành mỹ phẩm,3
các họ ở việt nam là gì? nơi cư trú phổ biến của các dòng họ tại việt nam,7
lỗi m04 shopee là gì? cách khôi phục lỗi nhanh chóng nhất,7
evfta là gì? việt nam nhận được gì nếu gia nhập evfta?,7
review son dưỡng dior 004 bản 2024 là màu gì? có nên mua không?,3
máy hút sữa real bubee - lựa chọn kinh tế và hiệu quả cho mẹ,5
phò là gì? phò có gì khác cave và điếm,7
peel da là gì? có tốt không? ưu nhược điểm bạn cần biết,3
hướng dẫn thay đổi hình nền messenger trên iphone dễ dàng,7
tổng hợp top 5 bàn phím cơ mini đẹp và chất đáng mua nhất,7
cleo lazada là gì? bí quyết sử dụng trợ lý ảo thông minh,2
tivi tcl có tốt không? review top tv tcl bán chạy nhất hiện nay,4
"top 15 truyện ngôn tình sủng, ngọt ngào, lãng mạn nhất 2024",7
thông tin công ty oncredit lừa đảo? sự thật đằng sau là gì?,6
mách bạn cách trị hôi nách bằng phương pháp dân gian ngay tại nhà,3
"stt chữa lành tâm hồn về tình yêu, cuộc sống và gia đình",7
chọn mua kem đánh răng cho bé an toàn & 12 sản phẩm tốt nhất,5
ngày quốc khánh 2/9 là ngày? quốc khánh 2/9 được nghỉ mấy ngày? nên đi đâu,7
"10+ cách làm thiệp giáng sinh handmade đẹp, đơn giản tại nhà",7
hướng dẫn mở thẻ tín dụng mb bank nhanh gọn chỉ trong 5 phút,6
review dầu gội cocoon có tốt không? thành phần có gì?,3
"top những stt valentine hay, độc đáo cho các cặp đôi và dân fa",7
review tế bào gốc gsc trị nám có tốt không? giá bao nhiêu?,3
số tổng đài ocb - hotine cskh ngân hàng ocb toàn quốc 24/24,7
review chấm mụn neogen - có thật sự thần thánh như lời đồn?,3
sml nghĩa là gì? những điều bạn chưa biết về ý nghĩa của sml,7
"99+ stt hay về nghề makeup, stt thả thính nghề makeup cực chất",7
sữa bầu morinaga có tốt hay không? nên uống vào lúc nào?,5
full code thánh quang thiên sứ mới nhất 08/2024 và cách nhập,0
nồi lẩu điện nào tốt? top 10 loại nồi được mua nhiều nhất hiện nay,4
review top 7 sữa dưỡng thể trắng da tốt và hiệu quả nhất,3
hủ tiếu bao nhiêu calo? cách ăn hủ tiếu không tăng cân?,7
tiki book club là gì? những ưu đãi khi đăng ký thành viên,2
review kem chống nắng guiche có tốt không? dành cho da gì?,3
mở tài khoản ngân hàng số đẹp miễn phí uy tín nhất,6
review muối tắm sữa bò a bonne có tốt không? giá bao nhiêu?,3
cách chuyển pdf sang word trên máy tính không lỗi font,0
ủ tóc tresemme: lựa chọn hoàn hảo cho mái tóc của phái đẹp,3
đánh giá top 10+ dung dịch vệ sinh phụ nữ tốt nhất hiện nay,3
review toner nấm origins có tốt không? bầu dùng được không?,3
chi tiết cách đổi trả hàng trên shopee khi đã nhận hàng,7
top 12 sữa tăng chiều cao cho trẻ trên 10 tuổi tốt nhất,5
review top 4 máy lọc không khí samsung bán chạy nhất 2024,4
vay 10 triệu trả góp ở đâu? gợi ý top 6 công ty tài chính uy tín,6
"999+ stt chửi xéo hay, thâm thúy, càng nghe càng thấm",7
đánh giá mỹ phẩm naris có tốt không? 4 sản phẩm tốt nhất của hãng nên mua,8
"hướng dẫn cách phối áo bra mặc với sơ mi đẹp, giúp nàng tự tin",7
mishio là thương hiệu nước nào? top sản phẩm bán chạy nhất trên thị trường,8
review mascara focallure có tốt không? có mấy loại? nên dùng loại nào?,3
top 7 sữa rửa mặt trắng da cho nam hiệu quả nhất hiên nay,3
review dung dịch vệ sinh phụ nữ chilly có tốt không?,3
bật mí 5 kem chống nắng anessa cho da dầu tốt nhất hiện nay,3
số tổng đài vietcombank toàn quốc| hotline cskh hỗ trợ miễn phí 24/7,7
tháng 2 cung gì? những điều nên biết về người sinh tháng 2,7
review top 7 dầu gội collagen nuôi dưỡng tóc mềm mượt 2024,3
cách tham gia mini game đăng bài shopee feed nhận ngay quà tặng trị giá 20 triệu,7
phần mềm vmonkey là gì? cách dùng ứng dụng học tiếng việt cho bé,0
bha không nên kết hợp với gì? đọc ngay để tránh banh da,3
fahasa giao hàng trong bao lâu? có giao hàng chủ nhật không?,7
cẩm nang mang thai: thai nhi 22 tuần tuổi,5
vàng 98 là gì? giá vàng 98 hôm nay bao nhiêu 1 chỉ 2024,6
"top 8 kem trị mụn lưng hiệu quả, được tin dùng nhất",3
review top 10 phim hay trên netflix đáng xem nhất năm 2024,7
review kem chống nắng kyung lab có tốt không? có nên mua?,3
cách hủy đơn hàng trên điện máy xanh nhanh chóng cho bạn,7
review bộ sản phẩm eucerin pro acne solution cho da dầu mụn,3
hoa hồng đen có ý nghĩa gì? được sử dụng trong những dịp nào?,7
da bị nám nên uống vitamin gì? gợi ý top sản phẩm trị nám,3
review phấn mắt lemonade aesthetic chất lượng thế nào?,3
watsons là gì? đánh giá watsons có uy tín không? hàng thật hay fake?,7
top 11 loại máy đánh trứng cầm tay tốt nhất hiện nay,4
"review 10 loại khay trữ đồ ăn dặm cho bé chất lượng, an toàn",5
review bodymist shimang nội địa trung rẻ nhưng có đáng đùng?,3
bún bao nhiêu calo? ăn bún có giảm cân được không?,3
đông trùng hạ thảo là gì? lợi ích và cách sử dụng,3
tôn trọng cá tính là gì? vì sao quan trọng trong cuộc sống?,7
"reviews bột ăn dặm coloscare có tăng đề kháng, dễ tiêu hóa như lời đồn?",5
review 4 loại lăn khử mùi perspirex chính hãng có tốt không?,3
tier list hơi thở mặt trời: cập nhật mới nhất 2024 để chọn đội hình,0
hạn mức chuyển tiền agribank e-mobile banking mới nhất,6
top 10 dầu gội nam tốt nhất được phái mạnh tin dùng hiện nay,3
"sigma là gì trên tiktok, mạng xã hội? giải nghĩa sigma male",7
lỗi f02 shopee là gì? cách khắc phục nhanh chóng và hiệu quả,7
top 7 cách trị nám bằng lá trầu không tại nhà hiệu quả nhất,3
"30+ bài thơ nhớ nhà, thơ nhớ quê hương hay, đầy cảm xúc",7
hướng dẫn 4 cách kiếm lượt quay trong coin master nhanh nhất,7
sạc nhanh iphone là gì? top sạc nhanh điện thoại iphone tốt nhất,0
review xịt chống nắng jm solution có thật sự tốt không?,3
top 10 cuốn sách phát triển tư duy cho trẻ tốt nhất,7
review nước hoa johnson baby màu nào thơm nhất cho bé?,5
top 10 kem trắng da body được săn đón nhất hè 2024,3
tuyển tập 20 bài thơ về mùa thu hay và đặc sắc trong những ngày thu,7
review sữa rửa mặt garnier vitamin c tốt không? cho da gì?,3
"100+ stt chất, cap chất ngắn gọn đậm chất đời xã hội đăng là triệu view",7
review kem nền bb focallure có tốt không? hợp với da gì? nên chọn màu nào?,3
"shopee 15.7 ưu đãi ngập tràn, cơ hội trúng tới 30 iphone",7
cập nhật code rage of demon king mới nhất 08/2024,0
nhận biết tín hiệu trẻ sơ sinh đói để mẹ cho bú kịp thời,7
top 6 băng khuỷu tay bảo vệ an toàn tốt nhất hiện nay,3
review top 10 sản phẩm máy ảnh canon tốt nhất hiện nay,0
ơ mây zing gut chóp em? nguồn gốc ơ mây zing gut chóp em,7
top 8 kem chống nắng cho da thường dùng hiệu quả và làm đẹp da nhất,3
"top 50+ hình xăm mèo thần tài mini đẹp, ý nghĩa cho nam và nữ",7
hướng dẫn cúng giao thừa trong nhà chuẩn nhất,7
review dầu tẩy trang muji nhật bản có tốt không? cho da gì?,3
review khách sạn sheraton hải phòng chi tiết có tốt không?,7
"sữa coloscare cho bé có thực sự tốt, bé ít ốm vặt và tăng cân không?",5
review dầu tẩy trang bobbi brown soothing cleansing oil có tẩy trang sạch?,3
top 7 app vay tiền trả góp theo tháng chỉ cần cmnd uy tín,6
"review top 8 kem chống nắng biore đỉnh, đáng mua nhất",3
tham khảo top 5 thuốc ho cho bà bầu được bác sĩ khuyên dùng nhất,5
ra mắt nhà bạn trai nên mua quà gì? 10 món quà ý nghĩa ghi điểm 10/10,7
review top 10 dầu gội trị rụng tóc sau sinh hiệu quả 2024,5
tiki của nước nào? toàn bộ thông tin cần biết về tiki,7
review xịt khoáng innisfree green tea mist 2024 tốt không?,3
"top 10+ shop bán điện thoại cũ uy tín nhất, giá rẻ",0
top 10 mỹ phẩm ấn độ medimix được yêu thích nhất,3
review top 5 lăn khử mùi rexona cho nam và nữ tốt nhất 2024,3
bếp nướng sunhouse có tốt không? top 5 bếp nướng bán chạy nhất sunhouse,4
mặt tròn để tóc gì? 30+ kiểu tóc cho gương mặt tròn đẹp nhất 2024,7
"top 10 gen, đai nịt bụng chất lượng nhất nên mua 2024",3
review top 5 viên uống thuốc bổ mắt tốt nhất nên mua năm 2024,3
kinh nghiệm đi chùa wat arun – điểm đến không nên bỏ qua khi đến bangkok,7
xoài bao nhiêu calo? cách ăn xoài không bị tăng cân hiệu quả,7
cách xóa bạn bè trên facebook chỉ trong vòng 30s mới nhất,7
cây nước nóng lạnh loại nào tốt? kinh nghiệm chọn cây nước nóng lạnh,7
nguyên nhân khiến đắp mặt nạ bị rát và cách khắc phục,3
băng vệ sinh hàn quốc có tốt không? top 10 băng vệ sinh bán chạy nhất,3
gợi ý cho bạn top 10 shop bán trang sức bạc trên shopee uy tín nhất,7
nếu tôi boom hàng trên shopee shipper có sao không?,7
"tổng hợp 25 kiểu tóc nam đẹp, cuốn hút bắt trend hot nhất 2024",7
rằm tháng 10 là ngày gì? ý nghĩa và cách cúng rằm hạ nguyên chuẩn,7
"tổng hợp 10+ kiểu tóc side part rủ đẹp, thời thượng nhất 2024",3
tổng hợp bộ code phantom blade 08/2024 đầy đủ nhất,0
"review top 6 sản phẩm dermarium xịn sò, đáng mua nhất 2024",3
code anime adventure 08/2024 update mới nhất | cách nhập code,0
"1500+ stt chào ngày mới thả thính, khởi đầu ngày mới với nhiều niềm vui",7
tổng đài techcombank là gì? cách liên hệ với techcombank nhanh nhất,7
24hplus là công ty gì? vay nhanh 24hplus có lừa đảo khách hàng không?,6
review chi tiết kem chống nắng sắc ngọc khang có tốt không?,3
"top 7 app đếm ngày yêu dễ dùng, thịnh hành nhất năm 2024",0
"um là gì? nghĩa của từ um trên facebook, messenger, trong bảo hiểm?",7
"review top 10 máy trợ giảng tốt nhất, chất lượng, pin lâu",0
review top 5 máy chà gót chân chất lượng tốt nhất 2024,7
review các loại chì kẻ mắt clio được yêu thích nhất 2024,3
lương net là gì? những điều người lao động cần biết về lương net.,7
full bộ code mega huyền thoại cập nhật mới 08/2024,0
"top 6 web tra cứu thành phần mỹ phẩm uy tín, nổi tiếng hiện nay",3
kinh nghiệm đi chơi vinpearl phú quốc mới nhất,7
gợi ý những lý do xin nghỉ việc thuyết phục chắc chắn sếp đồng ý,7
"kinh nghiệm đi chơi, checkin tại mega grand world hà nội a-z",7
bếp gas âm loại nào tốt? top sản phẩm đáng mua nhất 2024,4
17/5 là ngày gì? những điều cần biết về ngày 17/5,7
review tẩy tế bào chết body cocoon có thực sự tốt và đáng dùng không?,3
top 20+ kiểu tóc layer nữ đẹp trẻ trung xu hướng 2024 nhất định phải thử,7
kho huyện mê linh j&t ở đâu? có thể đến lấy hàng trực tiếp được không?,7
"top 8 yếm ăn dặm chống thấm tiện lợi, chất lượng cho bé",5
đồ chơi búp bê là gì? gợi ý 10 mẫu búp bê được các bạn nhỏ yêu thích,5
1999+ cap thả thính sang chảnh hay nhất 2024 giúp bạn thoát fa,7
yến mạch bao nhiêu calo? cách ăn yến mạch giảm cân nhanh,7
top stt trung thu hay nhất 2024 được nhiều bạn trẻ sử dụng,7
"top 10 shop bán đồ lót uy tín trên shopee giá rẻ, chất lượng",7
top 7 máy massage đầu giảm căng thẳng tốt nhất hiện nay,3
top 14 cuốn sách hay về kinh doanh nổi tiếng nhất mọi thời đại nên đọc,7
"sinh ngày 25 tháng 10 là cung gì? tính cách, tình yêu, sự nghiệp",7
sulfate là gì? là bạn hay thù đối với làn da của chúng ta?,3
top 100+ những bài hát karaoke dễ hát cho nữ giọng yếu,7
rửa mặt bằng nước ấm đúng cách - bí quyết thư giãn cho làn da,3
"vay 20 triệu fe credit lãi suất bao nhiêu khi trả góp 12 tháng, 24 tháng?",7
"cách vào web bị chặn bởi nhà mạng viettel, vnpt, fpt",7
top 15+ những cuốn sách hay thay đổi cuộc đời bạn nhất định phải có,7
vì sao gặp những dấu hiệu bất thường khi mang thai này chị em nên cảnh giác?,5
propolis và những lợi ích có thể bạn chưa biết,3
có nên mua xe gỗ tập đi cho bé? top 8 xe tập đi gỗ tốt nhất,5
happy cake lazada là gì? cách chơi game happy cake để nhận voucher nhanh nhất,7
trị nám bằng kem đánh răng có nên không? sự thật sau lời đồn!,3
top 7 kem chống nắng neutrogena được yêu thích nhất 2024,3
podcast là gì? top 3 ứng dụng để nghe podcast phổ biến nhất 2024,7
máy rửa mặt nào tốt? review top 8 máy rửa mặt nên dùng nhất,3
top 12 loại nước súc miệng trẻ em an toàn và hiệu quả nhất,3
hoa rơi cửa phật là gì? vạn sự tùy duyên là gì? ý nghĩa của câu nói.,7
có nên mở tài khoản mb không? mở tài khoản mb bank có mất phí không?,6
review top 15+ nước hoa hồng cho da dầu mụn đáng tiền nhất 2024,3
review tẩy tế bào chết sebamed ph5.5 clear face gentle scrub,3
review top 20+ những mẫu đồng hồ casio nam đẹp nhất,0
avay là gì? vay tiền avay lãi suất như nào? có nên vay tại avay không?,6
review kem chống nắng retual hàn quốc có tốt không?,3
1 ml bằng bao nhiêu g? cách quy đổi từ mililit sang gam?,7
review top 10 men vi sinh cho bé và trẻ sơ sinh tốt nhất,5
review tất tần tật trọn bộ kinh nghiệm về du lịch hà khẩu (trung quốc),7
thuốc nhuộm tóc thảo dược là gì? top 5 sản phẩm tốt nhất,3
kinh nghiệm chọn mua nồi cơm điện của nhật loại nào tốt?,7
mẹo hay để giúp phân biệt thực phẩm việt nam và trung quốc,7
review top 9 loại sữa dành cho trẻ thiếu máu chứa nhiều sắt,5
"review top 5 máy nghe nhạc mp3, mp4 tốt nhất nên mua 2024",0
top 7 sản phẩm xịt thơm miệng tốt nhất được khuyên dùng,3
review du lịch bà nà hill tour 1 ngày - đường lên tiên cảnh,7
"cách kết nối loa bluetooth với điện thoại android, iphone",7
top 4 cách tìm facebook qua số điện thoại nhanh và chính xác nhất,7
"top 10 món quà tặng ngày của cha ý nghĩa, thiết thực 2024",7
tổng hợp 30+ mẫu hình xăm ở ngực cho nữ mini cực quyến rũ và nổi bật,7
top 5 thuốc tăng vòng 1 an toàn và hiệu quả nhất cho chị em,3
"top 199+ stt tiếng trung về cuộc sống, tình yêu ý nghĩa nhất",7
bếp hồng ngoại là gì? những sản phẩm nào đang bán chạy hiện nay,7
top 5 bàn chải điện philips sonicare được ưa chuộng nhất hiện nay,3
review kem chống nắng la roche posay anthelios uvmune 400,3
kem dưỡng trắng da thái lan tốt không? top sản phẩm nên mua,3
hướng dẫn hội chị em ủ tóc bằng dầu dừa tại nhà cực đơn giản,7
"cách viết, mẫu đơn xin nghỉ phép đúng chuẩn, thuyết phục cho mọi nghề",7
review nước tẩy trang neutrogena có tốt không? có cồn không?,3
toàn bộ code đấu la bangbang miễn phí mới nhất 2024,7
review kem dưỡng ẩm klairs midnight blue calming cream cho da nhạy cảm,3
cách đắp mặt nạ lòng đỏ trứng gà trị nám siêu đơn giản tại nhà,3
"1500+ mẫu, hình ảnh bánh sinh nhật đẹp và độc đáo nhất",7
đánh giá 10 dòng loa bluetooth xiaomi được ưa chuộng nhất,0
công nghệ heattech từ uniqlo là gì? top sản phẩm nổi bật đáng mua 2024,7
thị thực là gì? làm thế nào để có thể xin được thị thực dễ dàng,7
xiaomi 12 - đánh giá nhanh dòng smartphone đầy tiềm năng.,0
nên mua máy chạy bộ nào? top 10 máy chạy bộ giá rẻ 2024,4
cách làm ruốc cá hồi tại nhà đơn giản mà đúng chuẩn vị nhất cho bé,5
ăn gì để nhiều sữa cho mẹ sau sinh? gợi ý top thực phẩm gọi sữa về hiệu quả,5
"999+ mẫu mũ lưỡi trai đẹp cho nam sành điệu, cân mọi outfit",3
review top 3 phấn phủ carslan được yêu thích nhất hiện nay,3
reviews dung dịch vệ sinh phụ nữ dr douxi có tốt không? giá bao nhiêu?,3
lock and lock của nước nào? top hàng lock&lock có tốt nhất?,8
1001+ trang phục đi đám cưới cho nam đơn giản thu hút,7
top 6 sản phẩm bọt vệ sinh phụ nữ được bán chạy nhất năm 2024,3
"99+ status hay về chứng khoán vừa sâu sắc, vừa hài hước",7
miếng dán hạ sốt trẻ cho sơ sinh là gì? có nên dùng không?,3
"cách đắp mặt nạ giấy đúng chuẩn, phát huy tối đa công dụng",3
"review chi tiết dầu gội phủ bạc laco, có nên sử dụng không?",3
lineabon d3+k2 có tác dụng gì? mua sản phẩm ở đâu? giá bao nhiêu?,5
review tủ sấy quần áo sunhouse shd2702 liệu có đáng mua?,4
full bộ code elemental dungeons 08/2024 nhận vật phẩm,0
cách đổi cm sang inch? 1 cm bằng bao nhiêu inch chính xác nhất!,7
bánh oreo loại nào có card oreo blackpink? mua ở đâu?,7
"review top 6 tinh dầu sả nguyên chất tốt, an toàn nhất 2024",3
"review top 5 mascara nhật cong mi, lâu trôi tốt nhất",3
review top 5 kem chống nắng la roche posay mẫu mới 2024,3
review top 4 bàn chải điện colgate tốt nhất nên dùng hiện nay,3
hướng dẫn cách chơi coin master trên máy tính (pc) không cần tải,0
"review top 4 kem chống nắng avene tốt, đáng mua nhất 2024",3
"999+ stt về ông bà ý nghĩa, câu nói hay về ông bà cảm động nhất",7
review son into you 2024: có tốt không? màu nào đẹp nhất?,3
tổng hợp stt thả thính tiktok hài hước khiến đối phương mềm lòng,7
"mặt dài để tóc gì? 20+ kiểu tóc hợp với mặt dài, gầy siêu xinh 2024",7
"top 5 shop hạt giống, cây trồng, đồ làm vườn uy tín",4
serum trị thâm quầng mắt là gì? 10 sản phẩm tốt nhất được khuyên dùng,3
dầu gội romano mùi nào thơm nhất? review chi tiết từng loại,3
"cách trị nám bằng lá tía tô đơn giản, hiệu quả ngay tại nhà",3
review top 10+ kem dưỡng ẩm khi dùng retinol tốt nhất hiện nay,3
"7 app vay tiền qua icloud nhanh, uy tín nhất năm 2024",6
quạt treo tường panasonic có tốt không? giá bao nhiêu? mua ở đâu?,4
đánh giá chi tiết nokia 8 có tốt không? có đáng để mua không?,7
số tổng đài shopee pay và các cách liên hệ nhanh chóng nhất,7
đánh giá bột ăn dặm cho bé 5 tháng nào tốt nhất hiện nay?,5
cpu là gì? đánh giá top 10 cpu máy tính mạnh giá rẻ nhất hiện nay,0
reviews son happy có nên mua không? màu son nào đẹp nhất,3
đánh giá top 10 khăn khô đa năng cho trẻ sơ sinh tốt nhất,5
cách mua hàng amazon ship về việt nam đơn giản nhất,7
viral là gì ? viral để làm gì ?có tất cả bao nhiêu loại viral ?,7
"30+ kiểu tóc duỗi tự nhiên đẹp, hot nhất các bạn nữ nên thử 2024",7
"có nên dùng bình ủ sữa không? nên chọn bình giữ ấm sữa, túi giữ nhiệt bình sữa nào tốt?",5
top 10 bộ đồ tập gym cho nữ đẹp bán chạy nhất 2024,7
review các dòng bàn ủi hơi nước cầm tay tốt nhất hiện nay,4
đánh giá bình giữ nhiệt zojirushi có tốt không? cách mua hàng chính hãng,4
review những thỏi son clio đẹp nhất các nàng nên bỏ túi,3
"so sánh bình sữa hegen và moyuum, pigeon, avent,... nên mua loại nào?",5
review kem chống nắng skin aqua màu xanh: phù hợp cho da gì?,3
review kem dưỡng cc melano có tốt không? nên mua không,3
first name là gì? middle name là gì? last name là gì?,7
bảo hiểm ung thư fwd có gì đặc biệt? gói bảo hiểm 99k có lừa đảo không?,6
[cập nhật] code skibidi tower defense mới nhất 08/2024,7
skinimalism skincare là gì - bạn đã biết hết về trend này?,3
mùa hè có hoa gì? top 10 loại hoa nở đẹp nhất vào mùa hè,7
"top giỏ quà, hộp quà tết đẹp, giá rẻ ý nghĩa nhất cho tết 2024",7
review top 10 mẫu đồng hồ nữ bán chạy nhất hiện nay,0
thương hiệu fatzbaby của nước nào? chất lượng sản phẩm có tốt không?,3
50+ món quà tân gia độc đáo và ý nghĩa cho mọi ngân sách,7
"top 10 cuốn truyện tranh cho trẻ 10 tuổi hay, đáng đọc nhất",5
top 20 thương hiệu sale sinh nhật lazada 2023 cực hot,7
gợi ý 10 trò chơi trung thu truyền thống vui nhộn cho các bé,7
top 7 tai nghe bluetooth chụp tai đáng mua nhất thị trường 2024,0
review top 10 máy sấy tóc nóng lạnh 2 chiều tốt nhất,4
review top 3 mascara innisfree làm cong và dày mi bán chạy nhất,3
gợi ý top 3 sản phẩm trị mụn kiềm dầu giá bình dân tốt nhất hiện nay,3
thẻ visa debit là gì? những lợi ích khi sử dụng thẻ visa debit,6
chiếu điều hòa là gì? có mát không? top 10 loại tốt nhất,4
"review top 4 nước tẩy trang garnier làm sạch hiệu quả, giá bình dân",3
review top 5 tẩy tế bào chết dermalogica bán chạy nhất,3
"top quà valentine ý nghĩa, độc đáo nhiều người muốn tặng nhất ngày 14/2",7
review top 6 viên uống thải độc cơ thể đẹp da được tin dùng nhất 2024,3
"top 6 điện thoại pin trâu, cấu hình mạnh, giá rẻ đáng mua nhất 2024",0
phần mềm monkey stories là gì? học phí bao nhiêu? có hiệu quả không?,0
"những câu thả thính vui nhộn, stt thả thính hài hước gây ấn tượng mạnh nhất",7
thời trang giordano của nước nào? chất lượng có tốt không?,7
những dòng điện thoại hỗ trợ 4g giá rẻ,7
tình yêu là gì? những định nghĩa chuẩn nhất về tình yêu?,7
"9999+ stt mệt mỏi, áp lực công việc, tình yêu và cuộc sống",7
50++ ý tưởng quà tặng khách hàng bạn không nên bỏ qua,7
review top 4 dòng phấn má mac: màu nào đẹp nhất bảng?,3
hướng dẫn cách mở thẻ new game coin master chi tiết,7
shopee premium là gì? premium có ưu đãi gì đặc biệt?,7
"đánh giá top máy lạnh lg tiết kiệm điện, giá thành tốt nhất hiện nay",4
"999+ mẫu váy bầu đẹp, đầm bầu đẹp giúp mẹ luôn xinh đẹp",5
"địa chỉ highlands quận 1 tổng hợp đầy đủ, chi tiết 2024",7
quần đóng bỉm cho bé là gì? cách dùng và top gợi ý tốt nhất,5
"top 7 thỏi son màu hồng đào ngọt ngào, thu hút mọi ánh nhìn",3
hướng dẫn cách đăng ký shopeepay chi tiết nhất cho người mới,2
"review top 5 máy hút bụi giá rẻ, chất lượng không nên bỏ lỡ",4
dầu xả pantene ngăn rụng tóc có thực sự hiệu quả,3
"top 8 loại tủ ướp, bảo quản rượu vang tốt nhất hiện nay",4
"bộ code anime last stand roblox đầy đủ, mới 08/2024",0
tháng chạp là tháng mấy dương lịch? tháng giêng là tháng mấy dương lịch?,7
bổ sung hay bổ xung? viết thế nào mới đúng chính tả?,7
tư vấn có nên mua nồi nấu cháo chậm cho bé hay không?,4
top 8 sữa dành cho người ung thư phổi phục hồi sức khỏe tốt nhất,3
nhảy dây 1000 cái giảm bao nhiêu calo? nhảy dây có hiệu quả không?,7
top 8 sáp tẩy trang được ưa chuộng và tin dùng nhất hiện nay,3
"so sánh đặt mua iphone 12 series ở đâu nhận quà khủng, giá rẻ nhất?",0
review tẩy tế bào chết eucerin có thật sự như mong đợi?,3
hướng dẫn mua hàng trả góp trên tiki không cần thẻ – chỉ cần trả trước 10%,7
shopee sale ngày nào? lịch sale shopee 2024 không thể bỏ lỡ,7
thực đơn ăn dặm kiểu nhật chi tiết cách nấu cho trẻ từ 7-8 tháng,5
tổng đài traveloka - tổng hợp đầy đủ các thông tin liên hệ,7
mẹo nhận biết khi nào điều hòa/máy lạnh đã đến lúc nạp gas,7
sữa tắm tesori có tốt không? có mấy loại? loại nào thơm nhất?,3
top 4 món đặc sản cà mau bạn nhất định phải nếm một lần,7
tháng 11 cung gì? giải mã vận mệnh của những người sinh tháng 11,7
096 là mạng gì? những điều lí thú mà bạn chưa biết về mạng 096,7
hướng dẫn cách mua hàng trên lazada miễn phí vận chuyển cực đơn giản,2
serum b5 có dùng cho bà bầu được không? có hại không?,3
review kem dưỡng ẩm hatomugi reihaku moisturizing conditioning 300g,3
review retinol obagi có tốt không? nên dùng loại nào?,3
toàn bộ code wuthering waves miễn phí mới nhất 08/2024,7
đánh giá 2 thỏi son dưỡng dior 001 mẫu mới đáng mua nhất năm 2024,3
reviews la roche posay cicaplast baume b5 có tốt không?,3
"10+ cách bảo quản áo da không bị giãn, nổ, mốc, bền đẹp dài lâu",7
review serum loreal revitalift pure hyaluronic acid 1.5%,3
lếu lều là gì? bíu bìu là gì? định nghĩa rõ ràng nhất dành cho bạn,7
review 2 loại sữa dưỡng thể hazeline dưỡng trắng & dưỡng ẩm?,3
"99+ bảng màu nhuộm tóc không cần tẩy, sáng da sành điệu nhất 2024",7
12 nguyên nhân khiến lò vi sóng không nóng và cách khắc phục,7
cẩm nang mang thai: thai nhi 24 tuần tuổi,5
mẹo mix đồ cùng giày boot cổ ngắn kiểu nào cũng đẹp cho nàng,7
van an toàn là gì? tất tần tật thông tin cần biết về safety valve,7
top 8+ cách giữ hoa tươi lâu chơi xuyên tết đơn giản,7
mã vận đơn shopee là gì? hướng dẫn cách tra cứu nhanh nhất,7
"top 10 dung dịch vệ sinh phụ nữ chữa viêm an toàn, hiệu quả",3
review top 10 loại sữa đêm cho bé tốt nhất mẹ nên mua 2024,5
hướng dẫn các cách hủy đơn hàng thegioididong chi tiết,7
đánh giá sữa dielac grow có tốt không? có tăng chiều cao?,5
đánh giá top 4 kem dưỡng ẩm senka được yêu thích nhất 2024,3
review top 15 dầu gội dưỡng tóc cho nam được yêu thích,3
review top 10 khách sạn vũng tàu có hồ bơi view đẹp nhất,7
review kem lót bobbi brown vitamin enriched face base có đáng để đầu tư?,3
review chi tiết 3 dòng serum timeless hot hit nhất hiện nay,3
genz: vô tri là gì mà lại được sử dụng nhiều đến vậy?,7
review top 10 túi hút chân không chất lượng nên dùng,4
trẻ mấy tháng ăn dặm? ăn dặm mấy bữa một ngày theo từng tháng,5
"hướng dẫn cách check date mỹ phẩm siêu đơn giản, dễ hiểu",7
oncredit là gì? hướng dẫn vay tiền oncredit đơn giản và nhanh chóng,6
son high - end màu đỏ là gì? 10 thỏi son cao cấp khiến chị em mê đắm,3
top 7 hộp đựng cơm thủy tinh tiện lợi bạn có thể tham khảo,4
thông tin chi tiết hà nội có bao nhiêu quận? quận nào đông dân nhất,7
đập hộp và trải nghiệm nhanh samsung galaxy s21 fe 5g,0
"bánh trung thu nướng/dẻo thập cẩm, đậu xanh.... bao nhiêu calo?",7
review 9 loại sữa óc chó hàn quốc tốt nhất cho bé & mẹ bầu,5
kinh nghiệm du lịch madagui 2 ngày 1 đêm tiết kiệm và chi tiết,7
toàn bộ code meow sen ơi đừng sợ miễn phí mới nhất 08/2024,7
nên mua điện thoại ở nguyễn kim hay thế giới di động?,7
top 3 kem chống nắng anessa cho da nhạy cảm tốt nhất hiện nay,3
review top 5 thuốc uống trị mụn tốt và an toàn nhất hiện nay,3
"10+ món quà tặng tân gia nhà sếp thiết thực, ý nghĩa nhất",7
review máy hâm sữa avent có tốt không? cách sử dụng?,5
top 4 sản phẩm bán chạy của thương hiệu dr.papie,5
[review] collagen 82x có tốt không? có mấy loại? cách uống?,3
xịt chống nắng maycreate có tốt không? giá bao nhiêu?,3
"1001 tranh tô màu đám mây đẹp, dễ thương cho bé tập tô",7
lioa là gì? tại sao lại gọi là lioa? ổn áp lioa có tác dụng gì,7
[update] full code project mugetsu mới nhất 08/2024 và cách nhập,0
top 10 mẫu cửa nhôm xingfa 4 cánh đẹp cho không gian hiện đại,7
top 10 mỹ phẩm nars được yêu thích nhất năm 2024 của hội chị em,3
review son dưỡng dhc có tốt không? có trị được thâm môi không?,3
"viego dtcl mùa 9 và mùa 10: đội hình, lên đồ viego mới nhất",0
"99+ lời cảm ơn ngắn gọn hay, chân thành & ý nghĩa nhất 2024",7
"arbutin là gì? top mỹ phẩm chứa arbutin trị nám, tàn nhang nào tốt?",3
hướng dẫn các cách bổ lựu đơn giản siêu nhanh mà không bị nát,7
"khắc phục màn hình điện thoại, applewatch bị trầy, xước, xước dăm màn hình",0
nên chọn kem trị mụn cho da dầu như thế nào? gợi ý top 10 kem trị mụn tốt nhất,3
top 7 sản phẩm nước hoa hồng paula's choice được yêu thích nhất,3
review robot hút bụi samsung có thật sự tốt như lời đồn?,4
hướng dẫn nâng hạn mức chuyển tiền viettelpay từ gói 1 lên gói 3,7
cập nhật: khung thời gian câu cá trong play together chuẩn,0
top 10 kem dưỡng trắng da body hàn quốc đáng mua nhất,3
"tải ngay file tập tô chữ cái tiếng việt, số siêu nét cho bé",7
tổng hợp code dragon soul roblox mới nhất 08/2024 và cách nhập,0
"tổng hợp 1001 stt ghen tuông tình yêu hay, vui vẻ, ý nghĩa",7
top 8 loại bếp điện từ hồng ngoại được ưa chuộng nhất hiện nay,4
top 10 sữa rửa mặt cho da dầu mụn nhạy cảm tốt nhất 2024,3
review 12 hương nước hoa issey miyake cho nam và nữ 2024,3
đặt tên tiếng anh cho con gái hay và nhiều ý nghĩa,5
"list tin nhắn, bài hát chúc mừng sinh nhật tiếng nhật hay nhất",7
tháng 10 có bao nhiêu ngày? lịch dương và lịch âm năm 2024,7
review kem chống nắng woolworths everyday sunscreen tốt không?,3
top 40 mẫu cửa gỗ phòng ngủ đẹp 2024 bạn không nên bỏ lỡ,4
gợi ý những set đồ đi đám cưới cho nữ đẹp và cuốn hút nhất,7
"cách viết nhật ký cho người yêu thương chân thành, lãng mạn",7
mãi mận mãi keo là gì? giải mã cụm từ viral trên mxh,7
top 7 rượu gừng nghệ hạ thổ cho mẹ sau sinh uy tín nhất,5
note ngay cách sửa bếp từ khi gặp những lỗi cơ bản,7
shopee book club là gì? những lợi ích khi đăng ký thành viên,2
cách chọn tuổi xông nhà năm 2024 tốt nhất cho 12 con giáp,7
top 5+ dung dịch vệ sinh cho bà bầu tốt và an toàn,5
mặt nạ lột là gì? công dụng của mặt nạ lột,3
review tinh chất dr. baumann liposome multi active vitamin e + c,3
review nước hoa ysl nữ mùi nào thơm nhất hiện nay?,3
mách mẹ cách vệ sinh bình sữa mới mua và sử dụng hằng ngày cho bé,5
review bột lắc sữa nestle? vị nào ngon? hướng dẫn cách pha?,5
chia sẻ bí mật về cách dạy con của người do thái khiến các bố mẹ việt ao ước,7
review lăn khử mùi glutathione có tốt không? giá bao nhiêu?,3
cách nói khi biếu quà cho người lớn ấn tượng và ý nghĩa nhất 2024,7
hỏi-đáp: sữa đậu nành bao nhiêu calo? có tăng cân không?,5
top 40 mẫu giường tầng trẻ em được lựa chọn nhiều năm 2024,7
review combo cocoon nghệ dưỡng da xịn xò nhất hiện nay,3
đánh giá top mỹ phẩm o.two.o - mỹ phẩm nội địa trung bán chạy nhất,3
review top 6 tông đơ cắt tóc cho bé giá rẻ mà chất lượng,5
"review 3 loại nước tẩy trang cocoon sạch sâu, dịu nhẹ cho da",3
review kem dưỡng ẩm aveeno tốt không? cấp ẩm ra sao?,3
top 8 điều hòa inverter giá rẻ tiết kiệm điện nhất 2024,4
star kombucha có tốt không? mua ở đâu? giá bao nhiêu?,3
review nước giặt maxkleen mùi nào thơm nhất? giá bao nhiêu?,7
dầu gội đen tóc loại nào tốt? top 12 dầu gội nhuộm tóc đen bán chạy,3
top 10 sữa rửa mặt trị mụn cho nam được tin dùng nhất,3
"review 10+ sữa xương khớp tốt cho người già, trung niên, trẻ",5
điểm danh top 10 mặt nạ ủ chân tẩy da chết tốt nhất năm 2024,3
những điều cần biết về axit salicylic trong làm đẹp,3
giải đáp chi tiết tại sao các tấm tôn lợp có dạng lượn sóng?,7
đánh giá bitdefender có tốt không 2024? có nên cài vào máy,0
review sữa tắm gội thảo dược dr papie có tốt không? mẹ có nên chọn?,5
sữa bột nguyên kem là gì? có tốt không? top 8 loại tốt nhất,5
số hotline tổng đài prudential là bao nhiêu? cách liên hệ nhanh nhất,7
purging là gì? cách phân biệt da bị purging và break out,3
tiki đồng giảm 50% tất cả các sách do tiki trading phân phối,7
"6 cách massage mắt giúp giảm mệt mỏi, trẻ hóa hiệu quả",3
cách nạp tiền vào zalopay không cần thẻ ngân hàng 2024,7
"1500+ stt kỷ niệm ngày cưới hài hước, ngắn gọn mà ý nghĩa",7
review chi tiết nước muối sinh lý fysoline vàng và cách dùng,5
loạn luân là gì? quy định của pháp luật hình sự về tội loạn luân,7
review 3 toner numbuzin pad có thần thành như lời đồn?,3
top 10 cuốn sách hay cho tuổi 15 nên tìm đọc ít nhất một lần,7
phông bạt là gì? giải thích về lối sống phông bạt và tác hại,7
hướng dẫn cách làm thẻ mb bank đơn giản và chính xác nhất,6
hé lộ top 10 máy ghi âm mini hot nhất thị trường hiện nay,0
review top 10 kem chống nắng cho da nám đáng mua nhất hiện nay,3
"top 10 kem lót cho da dầu, lỗ chân lông to tốt nhất hiện nay",3
"top 10+ bếp điện mini tốt, giá thành hợp lý nên mua nhất 2024",4
076 là mạng gì? những thông tin không thể bỏ lỡ về đầu số này,7
20+ tác dụng của mật ong và cách dùng tốt nhất cho sức khỏe,7
review mặt nạ đất sét hobe bar có đỉnh như quảng cáo?,3
7 lá bài hiếm nhất trong coin master và cách mở chúng,0
"sữa ensure có mấy loại? bảng giá sữa ensure cho người già, người gầy, người ốm bệnh",3
top 50+ lời chúc mừng sinh nhật tiếng trung hay và ấn tượng 2024,7
review dầu dưỡng tóc argan hair oil r3 có tốt không? nên mua không?,3
tổng hợp code maplestory r 08/2024 mới đầy đủ nhất,0
review máy làm sữa hạt unie v3 có nên mua dùng trong gia đình hay không?,4
nước hoa xịt phòng loại nào thơm? top 10 loại lưu mùi lâu,4
review sữa nutricare colos24h grow plus có tốt không? có mấy loại?,5
"12 công thức tẩy tế bào chết body tại nhà đơn giản, hiệu quả",3
mụn thịt là gì? cách điều trị mụn thịt hiệu quả,3
kem đánh răng ngọc châu dược liệu có tốt không? có mấy loại?,3
có nên mua tủ lạnh 4 cánh? top 6 tủ lạnh 4 cánh dưới 20 triệu đáng mua nhất,4
5 cách trồng hành lá tại nhà siêu đơn giản,7
review sữa rửa mặt eucerin ph5 facial cleanser sensitive skin cho da nhạy cảm,3
sữa nuvi grow có tốt không? nên dùng nuvi hay abbott grow?,5
liveworksheet là gì? hướng dẫn sử dụng liveworksheet chi tiết az,7
review kem chống nắng clinicos có tốt không? dành cho da gì?,3
"cap, stt về hoa thả thính hài hước, câu nói về hoa và phụ nữ",7
100+ stt hài lòng với những gì mình đang có để sống an nhiên,7
top 9 son không chì tốt nhất tín đồ làm đẹp không nên bỏ qua,3
1500+ stt đà lạt hay nhất hút triệu like khi đăng kèm ảnh,7
"review top 6 loại sữa bầu hàn quốc tốt nhất, giàu dinh dưỡng",5
"review top 13 lăn khử mùi nữ chất lượng, thơm lâu nên mua nhất",3
hướng dẫn đăng kí thẻ visa techcombank online năm 2024,6
hướng dẫn cách mua thẻ starbucks egift trên lazada,2
các cách lau nhà sạch bóng hiệu quả không phải ai cũng biết,7
top 10 sản phẩm trị mụn cấp tốc hiệu quả nhất nên mua 2024,3
hướng dẫn cách đặt phòng khách sạn trên booking.com,7
review thực tế serum numbuzin 3 skin softening serum,3
viên uống collagen nào tốt? review top sản phẩm tốt 2024,3
"thớt gỗ teak là gì? top 5 sản phẩm tốt, giá thành rẻ nên mua",4
"20 cách làm bánh không cần lò nướng đơn giản, dễ dàng tại nhà",1
nước hoa chanel nữ mùi nào thơm nhất? mua ở đâu chính hãng?,3
"top 10+ sữa rửa mặt dưỡng ẩm, cấp ẩm tốt, hiệu quả nhất hiện nay",3
review ống hút sipahh probiotic có an toàn cho các bé không?,5
top 5+ loại serum chống lão hóa đáng đầu tư nhất năm 2024,3
review top 10 kem nền cho da nhạy cảm được yêu thích năm 2024,3
top 10 tai nghe bluetooth giá rẻ dưới 1 triệu đáng mua nhất,0
"top 10+ quạt tháp tốt, tiết kiệm điện, giá thành hợp lý nên mua",4
review top 10 serum trị mụn giảm thâm hiệu quả tốt nhất 2024,3
review sữa tươi nào không gây táo bón cho bé mẹ nên mua?,5
hướng dẫn 5 cách xem lịch sử giao dịch mbbank nhanh chóng,6
nước hoa có hạn sử dụng không? hết hạn dùng có sao không?,3
top stt tháng 3 hay ❤️ câu nói hay chào tháng 3 ý nghĩa ngắn gọn,7
"shopee video là gì? thông tin cho cả người bán, người mua",7
"top 10+ nồi chiên ngập dầu tốt, giá thành hợp lý nên mua nhất",4
"top 10 bộ nồi bếp từ tương thích chất lượng, chính hãng",4
[khám phá] ý nghĩa các con số trong phong thủy,7
review 3 phấn nước whoo cao cấp bán chạy nhất,3
học cách quấn tã cho trẻ sơ sinh khiến bé thích 100% mẹ nào cũng nên học,5
review nước hoa hồng tía tô nhật bản dokudami perilla natural,3
xuất xứ hay xuất sứ: từ nào đúng chính tả theo từ điển,7
tết hàn thực là ngày gì? diễn ra vào ngày nào? mâm cỗ cúng chuẩn bị ra sao?,7
nhận biết kem chống nắng hết hạn? những tác hại khi dùng,7
lazada là gì? công ty lazada là của nước nào?,7
"cách tải jenny mod pc, điện thoại, cài đặt và sử dụng năm 2024",0
top 20 truyện ngôn tình hay nhất mọi thời đại không nên bỏ lỡ,7
review kem chống nắng gc nature sun cream có tốt không?,3
top 7 sản phẩm dầu gội cho tóc nhuộm chất lượng nhất,3
top 12 địa chỉ xem bói ở tp.hcm uy tín và chuẩn nhất 2024,7
"top 7 nồi áp suất mini đa năng, tiện dụng tốt nhất hiện nay",4
tổng hợp 99+ tin nhắn chúc tết 2024 ý nghĩa và ấn tượng,7
review máy tăm nước prooral 5025 có thật sự ngon- bổ- rẻ?,3
review tất tần tật về ghế ăn dặm hanbei. có nên dùng không?,5
"top 5 quạt sưởi, máy sưởi ấm bán chạy tốt nhất năm 2024",4
"cap, stt hay về cuộc sống vui vẻ, nhẹ nhàng và hài hước giúp bạn thêm yêu đời",7
"500+ stt, cap ngầu khó đỡ khịa cao siêu mặn: đọc là muốn share",7
cn là gì? cn là viết tắt của từ gì? ý nghĩa ra sao,7
top 5 homestay tam đảo giá rẻ nhưng cực chill hot nhất 2024,7
review sữa mát nan optipro plus 4 có tốt cho tiêu hóa trẻ?,5
hi vọng hay hy vọng? sử dụng từ nào mới là từ đúng?,7
top 10+ các hãng nước hoa nổi tiếng được săn đón nhiều nhất,3
"review các loại sắt hữu cơ cho bé tốt nhất, dễ hấp thu",5
"gợi ý 10+ món quà sinh nhật cho chồng ý nghĩa, thiết thực nhất",7
cẩm nang mang thai: thai nhi 31 tuần tuổi,5
"chi tiết cách chia cột trong word nhanh, đơn giản 2024",7
review sữa rửa mặt babe có phải chân ái cho da dầu mụn??,3
đánh giá top 7 máy rửa mặt foreo tốt nhất 2024 ai cũng muốn sở hữu,3
đánh giá sữa dielac mama gold có tốt không? giá bao nhiêu?,5
giải nghĩa: cọ xát hay cọ sát - từ nào đúng chính tả?,7
top những mẫu thiệp chúc mừng sinh nhật đẹp và độc đáo nhất 2024,7
"top 20 cách tạo dáng chụp ảnh ngồi cực chất, hot nhất hiện nay",7
review kem nền espoir có tốt không? độ che phủ có như lời đồn?,3
"full code gunpow mới nhất 08/2024. cách nhận, nhập mã",0
cập nhật bảng màu son bbia 2024: màu nào đẹp nhất?,3
"shopee 15.6 - săn sale tưng bừng mua sắm, ưu đãi ngập tràn",7
chia sẻ kinh nghiệm giảm béo bụng tại spa cực chi tiết,3
"stt kỉ niệm ngày yêu nhau hay, lãng mạn và siêu hài hước 2024",7
địa điểm đặt máy crm mbbank ở đâu? hướng dẫn cách nộp tiền vào máy,6
review top 6 phấn má 3ce bán chạy: màu nào đẹp nhất?,3
serum cấp nước ha là gì? top 10+ serum ha được yêu thích năm,3
review máy lọc nước karofi có tốt không & top 8 sản phẩm tốt,4
"note ngay 7 cách nấu chè đậu xanh ngon, dễ làm nhất tại nhà",7
khai xuân shopee 2.2 - bùng nổ siêu sale đầu năm giáp thìn,7
review top 12 tủ lạnh tiết kiệm điện đáng mua nhất hiện nay,4
tẩy tế bào chết hella beauty body cà phê hữu cơ có thật sự tốt như lời đồn?,3
hướng dẫn cách làm sữa hạt cho bé tại nhà đơn giản nhất,5
đánh giá top 8 thương hiệu nồi áp suất đa năng nổi tiếng hiện nay,7
top 7 máy lạnh tiết kiệm điện giá rẻ dưới 7 triệu nên mua 2024,4
top 10 sách tiếng anh cho người mới bắt đầu học hiệu quả,7
review bỉm yubest có tốt không? có mấy loại? bảng size bỉm?,5
tamo lừa đảo không? sự thật về tamo cho vay cắt cổ 2024,6
"top 5 toner cho da dầu mụn chất lượng, được tin dùng nhất 2024",3
review serum oh oh có tốt không? đánh giá chi tiết từng loại,3
thực đơn giảm mỡ bụng đơn giản hiệu quả chỉ trong 7 ngày,7
"vay 2 triệu ở đâu? top 6 địa chỉ vay 2 triệu nhanh, lãi thấp",6
"kaspersky free - đã có bản miễn phí (nhẹ hơn, nhưng không kém bản trả phí)",7
review sữa frisolac gold 2 có tăng cân không? có tốt không?,5
reviews serum trị mụn caryophy tốt không? cách sử dụng trị mụn hiệu quả,3
top 20 địa điểm vui chơi hà nội không thể bỏ qua vừa đẹp vừa thú vị,7
"cách phối đồ cho người lùn ăn gian chiều cao, siêu hack dáng",7
top 5 ghế lười bệt được yêu thích nhất hiện nay,4
massage yoni là gì? bật mí 7 kỹ thuật massage đúng chuẩn,7
"cách học từ vựng bằng thẻ flashcard tiếng anh cho bé theo chủ đề? cách download, tạo flashcard online",5
2-9 đi đâu chơi: khám phá 10 địa điểm chơi lễ 2-9 hot nhất,7
techcombank là ngân hàng gì? các dịch vụ sản phẩm như thế nào?,6
review kem chống nắng heliocare pigment 360 solution fluid tốt không?,3
"top 10+ kem dưỡng ẩm toàn thân tốt, an toàn nhất hiện nay",3
chọn sữa tăng cân cho bé 6 tháng như nào? top 10 sữa tăng cân tốt nhất,5
ngày valentine trắng là gì? 14/3 là ngày gì ai tặng quà cho ai?,7
"những câu stt cuối năm, cap hay cho ngày cuối năm cũ 2023 chất nhất",7
cách tăng vòng 1 tại nhà nhanh chóng và hiệu quả nhất cho phái đẹp,3
top 10 loại đồ chơi cho trẻ sơ sinh an toàn và phù hợp nhất,5
code blade ball mới nhất hôm nay: skins & coins miễn phí (08/2024),0
bài cúng rằm tháng 7 chuẩn và đầy đủ nhất theo phong tục năm 2024,7
review sữa pha sẵn nutricare colos24h grow plus có tốt không?,5
bảng xếp hạng may mắn theo ngày sinh và năm sinh năm giáp thìn 2024,7
vì sao nên mua máy triệt lông halio ipl thay vì đến spa?,3
bệnh viện vinmec có tốt không? bảng giá khám chữa bệnh tại vinmec,7
review sữa bầu frisomum có tốt không? có nên mua không?,5
"hướng dẫn đặt vé máy bay vietjet online đơn giản, an toàn",7
top 1500+ câu nói hay về cuộc sống tươi đẹp hay nhất mọi thời đại,7
cây xà nu là cây gì? ý ngĩa và hình tượng cây xà nu mà bạn chưa biết!,7
shopee 4.4 siêu hội thời trang – siêu sale mỹ phẩm có gì?,7
"7 cách phát hiện camera quay lén tại nhà nghỉ, khách sạn cực đơn giản",7
review sữa rửa mặt dr pepti - sữa rửa mặt hiệu quả cho mọi nhà,3
"top 30+ món quà sinh nhật cho nam ý nghĩa, thiết thực nhất",7
mass tăng cân là gì? top 10 sữa mass tăng cơ tăng cân tốt nhất,3
nồi chiên không dầu casamom tốt không? review top 2 bán chạy,4
"review top 8 sữa bổ sung canxi tốt nhất, giàu canxi nhất",5
gợi ý top 15 loại thực phẩm giàu sắt bạn cần biết để bổ sung cho cơ thể,3
[đếm ngược] còn bao nhiêu ngày nữa đến giao thừa năm 2024?,7
ngũ cốc ăn sáng là gì? top 7 ngũ cốc tốt nhất cho bữa sáng nên mua,1
top kem che khuyết điểm môi tốt nhất cho các bạn gái,3
cách làm xoài lắc muối ớt đang gây sốt tại sài gòn,1
"99+ stt khóc về đêm, stt buồn muốn khóc đầy tâm trạng",7
phạt luân lưu là gì? nếu đá luân lưu hòa thì sao?,7
biển số vàng là gì? áp dụng cho xe nào? thủ tụ đổi biển số xe vàng ra sao?,7
"review serum obagi hydro drops cấp nước, phục hồi tốt không?",3
top 10 kem chống nắng sunplay được ưa chuộng nhất,3
gửi hàng lazada ở đâu? danh sách điểm gửi hàng lazada ở hn và hcm,7
review lăn khử mùi nivea có tốt không? nên mua không?,3
"top 5 toner pad đình đám, được yêu thích nhất hiện nay",3
chủ nhà tuổi mão chọn người xông đất năm 2024 cho cả năm phát tài,7
"top 10 dầu xả tóc mềm mượt, thơm lâu được tin dùng nhất",3
janbox - ứng dụng mua hàng xuyên biên giới,7
fe credit lừa đảo hay uy tín? bóc trần sự thật phía sau?,6
lưu ngay top 9 shop bán quần áo nam đẹp trên shopee,7
"1999+ tên tiếng anh hay cho nữ độc đáo, ý nghĩa nhất",7
"dấu hiệu có kinh trước 1 ngày, 1 tuần chuẩn, dễ nhận biết nhất",3
top 10+ cuốn sách văn học hay nhất mọi thời đại mang nhiều giá trị sâu sắc,7
"1999+ stt ngôn tình hay, ý nghĩa, đúng tâm trạng của nhiều người",7
sữa tách béo có tốt không? top 10 loại giảm cân hiệu quả,5
máy sấy tóc nào tốt nhất hiện nay? top 11 máy sấy đáng mua,4
review 3 bảng phấn mắt clio cho đôi mắt thêm hút hồn,3
"da khô là gì? cách nhận biết, nguyên nhân và cách chăm sóc hiệu quả",3
review mặt nạ hoa cúc kiehl's calendula petal-infused calming masque,3
alostar là gì? có nên mua alostar cho con học không?,7
có nên mua nồi chiên không dầu không? nồi chiên không dầu loại nào tốt?,4
review nên chọn mua máy kẹp bánh mỳ loại nào tốt nhất hiện nay,4
review bột ăn dặm wakodo của nhật có tốt không? cách pha bột,5
"top 10 sữa rửa mặt trị nám, tàn nhang tốt nhất hiện nay",3
"99+ lời chúc tốt nghiệp, ra trường độc đáo cho bạn bè, người yêu",7
"5 cách tra số tài khoản ngân hàng của người khác nhanh, chính xác nhất",6
có nên mua máy lọc nước karofi thông minh không?,7
top 16 công ty bảo hiểm uy tín hàng đầu việt nam năm 2024,7
thơ mẫu giáo dành cho các bé. tổng hợp thơ cho trẻ theo từng chủ đề!,7
"review top kem chống nắng cosrx chất lượng, đáng mua nhất",3
mùa đông có hoa gì? 10 loại hoa nở vào mùa đông đẹp say đắm lòng người,7
"hướng dẫn cách lấy superhuman blox fruits 2, sea 2 đơn giản",0
shopee 15.2 - đại hội siêu sale ngày giữa tháng 2 này có gì?,7
hạn mức chuyển khoản vib mới nhất - cách nâng hạn mức vib,6
cách lấy mã free ship tiki và full mã freeship tiki mới nhất,7
"top 5 app vay tiền hỗ trợ nợ xấu, uy tín, lãi suất hấp dẫn",6
top 7 kem dưỡng da the body shop bán chạy nhất của hãng,3
"tổng hợp stt dễ thương hài hước, cap dễ thương để đăng ảnh triệu like",7
top 3 trung tâm sửa điện thoại uy tín ở bình dương,0
"công thức tính đường cao trong tam giác vuông, cân, thường, đều chuẩn nhất",7
top 5+ nước súc miệng thảo dược tốt nhất hiện nay,3
"làm sao để check hạn sử dụng obagi nhanh chóng, chính xác?",3
"hướng dẫn cách làm bánh trôi, bánh chay đơn giản nhất tại nhà",7
review sữa rửa mặt senka màu vàng cho da gì? có tốt không?,3
[bài mẫu] những bài văn tả cây phượng lớp 4 hay nhất,7
review kem chống nắng sjm medical có tốt không? dùng cho da gì?,3
cách cúng thần tài cầu may mắn tài lộc chuẩn nhất dành cho gia chủ,7
hướng dẫn cách đọc hạn sử dụng của nhật dễ hiểu nhất 2024,7
sữa tắm nhật bản có tốt không? top 9 sữa tắm nhật được ưa chuộng nhất 2024,3
review serum 7days olic: có thực sự tốt? nên mua ở đâu?,3
cách mời bạn bè chơi coin master nhận spin đơn giản,7
đánh giá dầu gội phủ bạc nhật bản loại nào tốt nhất 2024?,3
revew son hồ ngọc hà mới nhất: son m.o.i của hồ ngọc hà,7
review kem chống nắng decorte có tốt không? chọn màu nào?,3
review nước hoa hồng kiehl's có tốt không? thành phần chính và công dụng,3
kem mắt estee lauder đắt nhưng chất lượng có tốt không?,3
review serum innisfree trà xanh mẫu mới: có nên mua không?,3
đánh giá kem dưỡng laneige - mỹ phẩm cao cấp hàn quốc - có tốt không?,8
review tủ lạnh panasonic 2 cánh bv/bc có đáng mua không?,4
review serum nmn deep moist - giá rẻ liệu có tốt không?,3
top các loại dầu gội dove được yêu thích nhất hiện nay,3
kem chống nắng là gì? cách chanh đánh giá và chọn kem chống nắng,3
mách bạn 9 cách ủ sữa chua tại nhà dễ dàng thành công nhất,7
gối cho bà bầu thương hiệu nào tốt? review top 9 loại gối bầu tốt nhất,5
tặng quà sinh nhật cho con trai 18 tuổi ý nghĩa nhất,7
thực đơn là gì? hướng dẫn xây dựng thực đơn chuẩn nhất cho gia đình,7
us uk là gì? nhạc us và uk có gì khác nhau? ảnh hưởng đến nền âm nhạc thế giới ra sao,7
sách cho bé 1 tuổi là gì? 10 cuốn sách được yêu thích nhất,5
những địa chỉ cầm đồ gần nhất tại hà nội uy tín và lãi suất thấp,6
kinh nghiệm chọn máy hút chân không gia đình nào tốt?,4
top 5 tinh dầu nước hoa dubai nữ mùi nào thơm nhất 2024,3
có nên mua máy lọc nước nóng lạnh? top 4 sản phẩm tốt nhất 2024,4
"tổng hợp những mẫu phòng ngủ đẹp, đơn giản đến hiện đại",7
metaverse là gì? trải nghiệm đời thực trong vũ trụ ảo bạn đã thử?,7
top 10+ thương hiệu thời trang nữ được ưa chuộng,7
"xem tuổi xây nhà năm 2024. tuổi nào làm nhà được, tuổi nào kỵ?",7
"top những stt tất niên cuối năm, cap tất niên vui vẻ, ý nghĩa nhất",7
danh sách số tổng đài các ngân hàng tại việt nam cập nhật 2024,6
kem đánh răng sensodyne có mấy loại? có tốt không?,3
những món canh giải nhiệt ngày hè dễ làm mà ngon miệng,1
review top kem che khuyết điểm cho da mụn tốt nhất hiện nay,3
ngân hàng chính sách xã hội là gì? có phải ngân hàng nhà nước?,6
"99++ quà kỷ niệm ngày cưới cho vợ chồng, bố mẹ, bạn bè",7
điện thoại vivo của nước nào? mua điện thoại vivo bảo hành ở đâu?,0
"nên mua máy ảnh nào tốt nhất giữa canon, nikon, sony, fujifilm, pentax...",0
top các loại băng vệ sinh an toàn tốt nhất hiện nay,3
review top 13 sản phẩm wonmom cho mẹ sau sinh nên mua nhất,3
tìm hiểu fado là gì? fado.vn của nước nào? có tốt không?,7
gợi ý 20+ mâm lễ cúng đầy tháng cho bé gái miền bắc,7
review tẩy trang l'oreal hồng moisturizing 3-in-1 có tốt không?,3
dinogo là gì? digono là công ty của nước nào?,7
"101+ stt về đôi chân mệt mỏi, cap hay về đôi chân vững bước",7
review sữa aptamil có tốt không? loại nào tốt nhất? giá bán?,5
tổng hợp các loại quần lót nam? nam giới nên chọn loại nào?,3
bật mí các cách bảo quản rau tươi lâu không cần tủ lạnh mà bạn nên biết,7
"ba, phd, md, ma, msc, bsc là ký hiệu của các bằng cấp gì?",7
top 7 kem dưỡng dr baumann được đánh giá cao về hiệu quả,3
top 8 địa chỉ dịch vụ vệ sinh giày hcm uy tín gần nhất,7
review laneige neo cushion matte có đáng để đầu tư?,3
những suy nghĩ sai lầm về cách tiết kiệm điện mà nhiều bạn đang mắc phải,7
review kem ủ tóc fino có tốt không? có nên mua không?,3
review kem chống nắng some by mi có tốt không? nên mua không,3
"top 6 nước hoa ô tô thơm, khử mùi tốt nhất nên dùng",7
top 10 kem dưỡng da shiseido được yêu thích nhất,3
top 10 thương hiệu bàn phím cơ cao cấp được yêu thích nhất,0
hướng dẫn cách hack coin master nhận vô hạn spin đơn giản nhất,7
có nên sử dụng chỉ nha khoa oral b? cách phân biệt chỉ nha khoa thật giả,7
chia sẻ cách bảo quản hành lá tươi lâu mà không bị hỏng,7
"những lời chúc mừng sinh nhật cô giáo bá đạo, hay, ý nghĩa",7
bôi kem chống nắng trước hay sau serum thì mới là đúng?,7
top 5 quán cà phê phong cách xưa cần thơ lưu giữ bao kỷ niệm,7
"lazada mall là gì? cách đăng ký lazada mall chi tiết, nhanh nhất",7
"1999+ top ảnh buồn, cô đơn, chơi vơi chạm đến cảm xúc người xem",7
"review top 7 lò nướng bánh gia đình tốt, chất lượng nhất",4
top 3 trung tâm sửa điện thoại uy tín ở vinh - nghệ an,0
nên chọn iphone 8 plus hay iphone x?,7
reviews cốc nguyệt san lincup có tốt không? giá bao nhiêu? mua ở đâu?,3
review chi tiết máy rửa mặt foreo luna 3 plus mới nhất năm 2024,3
review top 10 phấn rôm em bé tốt và an toàn nhất hiện nay,5
fwd là gì? viết tắt của từ gì? ý nghĩa của fwd ra sao,7
"review top 10+ sáp giữ ấm cho bé giảm ho, chống cảm tốt nhất",5
cập nhật full code shadow fight 4 mới nhất 08/2024,0
review kem tẩy lông veet có tốt không? cách tẩy lông đúng cho từng vùng,3
shopee nghĩa ô ở đâu? vận chuyển hàng về việt nam mất bao lâu?,7
"điện thoại nokia mới nhất 2023: giá rẻ, hiệu năng đỉnh",0
các sản phẩm cần thiết cho mùa dịch covid-19,3
whatsapp là gì? hướng dẫn sử dụng whatsapp trên điện thoại,7
sêu tết là gì? tại sao lại có tục sêu tết,7
hướng dẫn đổi trả thegioididong chi tiết và đầy đủ nhất,7
review chi tiết kem che khuyết điểm nars radiant creamy concealer,3
bảng size quần lót nam và cách chọn quần đúng chuẩn nhất,3
"cách phân biệt bình sữa pigeon thật-giả, các mẹ đã biết?",5
sách thiếu nhi hay nhất là gì? 10 cuốn sách hay và bổ ích ba mẹ nên chọn cho con,5
review kem chống nắng moi có thực sự tốt không? mua ở đâu?,3
bột protein là gì? các loại bột cung cấp protein hiệu quả nhất,3
"hướng dẫn cách tra cứu tiền điện online nhanh, đơn giản nhất",7
"chem chép là gì trên facebook, tiktok? khám phá nghĩa biến thể",7
review 15 thương hiệu nước tăng lực ở việt nam mạnh nhất,3
"cách hủy đơn hàng trên tiktok nhanh, gọn, lẹ trong 10s",7
hướng dẫn cách chặn quảng cáo shopee trên điện thoại dễ nhất,7
top 5 bàn chải điện xiaomi tốt nhất trên thị trường hiện nay,3
1500+ biệt danh hay cho người yêu là nam độc lạ nhất,7
bỏ túi top 10 thương hiệu thời trang công sở mặc là đẹp cho hội chị em,7
tổng hợp top địa điểm du lịch giá rẻ từ bắc ra nam thú vị nhất,7
review tẩy da chết rosette mẫu mới có tốt không? có nên mua?,3
review chi tiết các loại sữa enfa cho trẻ sơ sinh & trẻ nhỏ,5
review top 10 sữa tăng cân cho bé 2 tuổi tốt nhất hiện nay,5
"đánh giá top 7 nước uống collagen tốt nhất giúp đẹp da, ngừa lão hóa",3
"top 20+ câu chúc tết bằng tiếng trung hay, độc lạ và ý nghĩa 2024",7
review thương hiệu đình đám happy skin: top 3 sản phẩm mà bạn không nên bỏ qua,3
overthinking là gì? biểu hiện và tips giúp bạn vượt qua nó,7
titanium dioxide trong mỹ phẩm đem lại điều gì cho làn da của bạn?,3
review chi tiết top 3 nước hoa hồng cocoon được yêu thích 2024,3
sữa meiji có mấy loại: chi tiết các loại sữa meiji & giá bán,5
review top 4 kem đánh răng median 93 hàn quốc loại nào tốt nhất?,3
"review top 6 sữa rửa mặt trắng da tốt, đáng mua nhất 2024",3
note ngay cách sử dụng nước hoa vùng kín an toàn và hiệu quả,3
review máy tăm nước waterpik có tốt không? có nên mua hay không,3
"cách huỷ sms banking của mb nhanh chóng, đơn giản nhất",7
đánh giá chi tiết nên mua hàng trên lazada hay shopee?,7
gợi ý top 5 điện thoại 8 triệu cấu hình cao đáng mua nhất,7
máy xay sinh tố loại nào tốt? top 10 máy đáng mua nhất 2024,8
"cách chuẩn bị mâm cúng rằm tháng 7 trong nhà, ngoài trời chuẩn nhất",7
cách gấp hạc giấy đơn giản nhất mà đẹp ai cũng làm được,7
"văn khấn tết hàn thực 2024, cúng giờ nào? mâm cúng gồm gì?",7
shopee chào hè bằng cơn bão sale khủng ngày 5.5 - xem ngay có gì hot!,7
dụng cụ cho bé uống thuốc là gì? top 7 sản phẩm mẹ nên mua,5
kem chống hăm bubchen có tốt không và list những vấn đề cần lưu ý,5
sale admin là gì? sale admin làm những công việc gì,7
cách nâng hạn mức chuyển tiền momo 1 tháng khi vượt hạn mức,6
"tổng hợp 20+ hình ảnh ông táo về trời đẹp, ấn tượng nhất năm 2024",7
review top 3 cốc nấu cháo ăn dặm cho bé tốt nhất nên dùng,5
top 10 mỹ phẩm paula's choice tốt được yêu thích nhất 2024,3
review phấn nước ofélia uncovered longwear cushion: có phải siêu phẩm mới từ ofélia?,3
cà phê sữa bao nhiêu calo? cách uống cà phê sữa giảm cân,7
phấn highlight của hàn là gì? 5 sản phẩm được ưa chuộng nhất,3
top 25 bộ phim anime hay nhất bạn nhất định phải xem,7
công ty bảo hiểm fwd lừa đảo có thật không? có nên tham gia không?,6
top ngân hàng mở tài khoản online tặng tiền hấp dẫn nhất,7
"12+ cách phối đồ với áo hoodie nam chất, thời trang nhất 2024",7
"hướng dẫn tạo zalo qr code, quét mã qr code trên zalo",7
cách chế biến tôm hùm với 15 món siêu ngon tuyệt đỉnh đơn giản tại nhà,1
top 27 món quà sinh nhật cho bé trai hấp dẫn chắc chắn bé sẽ thích thú,5
proof of authority poa là gì? cách thức hoạt động ra sao?,7
"lazada 7.7 - xả hàng giảm tới 100%, voucher tích lũy 400k",7
top 5 vật dụng làm hành trang cùng mẹ vượt cạn,5
túi nhai ăn dặm loại nào tốt? dùng cho bé mấy tháng tuổi?,5
"top những cuốn sách cho bé 8 tuổi bổ ích, nên mua cho bé",5
chân trọng hay trân trọng: từ nào đúng? bạn có đang dùng sai?,7
sai lầm khi sử dụng kem dưỡng: thay đổi ngay nếu đang mắc phải,3
"top 7 thương hiệu mỹ phẩm thuần chay an toàn, tốt nhất 2024",3
"top 25 cây trồng trong nhà dễ sống, phong thủy tốt 2024",7
hướng dẫn chi tiết cách mở tài khoản ngân hàng mb online nhanh chóng,6
"99+ tranh tô màu con bướm đơn giản, dễ tô cho các bé yêu",7
đổi dặm sang km chính xác nhất - 1000 dặm bằng bao nhiêu km?,7
full code thần thú go mới nhất (08/2024) và cách nhập,0
serum vichy loại nào tốt? nên dùng loại nào hợp với da?,3
"lazada black friday 2023: giảm 50%, trợ giá 2tr, bonus 400k",7
review chi tiết dầu gội marubi có tốt không? của nước nào?,3
"hướng dẫn cách mở tài khoản shb online đơn giản, nhanh chóng",6
"cách làm sợi bánh canh từ bột mì tại nhà ngon, đơn giản nhất",7
lineabon k2+d3 hỗ trợ hấp thu canxi phát triển chiều cao cho trẻ sơ sinh và trẻ nhỏ,5
top 10 đồ chơi nấu ăn mẫu mã đẹp được các bé yêu thích nhất,5
có nên uống nước ép trái cây đóng hộp không? nên chọn loại nước ép trái cây đóng hộp nào?,7
"100+ stt về trà xanh, tuesday hay, cà khịa cực gắt, thâm thúy",7
"101+ stt im lặng trong tình yêu, stt im lặng để trưởng thành hay nhất",7
vitamin c 16%+tranexamic acid 3% dr ceutics có tốt không?,3
đánh giá top 7 serum martiderm đang được yêu thích nhất 2024,3
có nên mua máy tính bàn trả góp điện máy xanh không?,7
nếu gọi tổng đài vietjet không được thì phải làm sao?,7
"top 50+ lời chúc tết người yêu hay, ngắn gọn, tình cảm 2024",7
4 cách làm kem dưỡng da từ sữa tươi dễ dàng và hiệu quả,3
"top 5 địa chỉ vay tiền nhanh hà nội uy tín, an toàn nhất",6
"top 10 kem ủ trắng body hiệu quả, bầu chọn nhiều nhất 2024",3
"100+ stt tương tư, thổ lộ nỗi niềm thầm thương trộm nhớ",7
lưu lại ngay 10 cách trị nám bằng mật ong hiệu quả tại nhà,3
"3500+ những câu châm ngôn cuộc sống, châm ngôn sống sâu sắc đáng suy ngẫm",7
mụn cóc là gì? có lây không? cách trị mụn cóc dứt điểm,3
top ngân hàng mở tài khoản online không cần đến ngân hàng,6
review son mac ruby woo màu gì? lên màu đẹp không?,3
steam là gì? phương pháp giáo dục steam có phải là tốt nhất,7
"logo lazada chính thức đầy đủ định dạng png, vector, svg",7
top 5 kem dưỡng da cổ hiệu quả được ưa chuộng nhất hiện nay,3
tổng hợp full code danh tướng 3q mới nhất 08/2024,0
1999+ stt mạnh mẽ vươn lên trong cuộc sống hay và ý nghĩa,7
review kem trị nám clobetamil g có tốt không? dùng bao lâu hiệu quả?,3
măng sặt là gì? cách chế biến món ngon từ măng sặt ngon,1
"kinh nghiệm du lịch tây thiên 1 ngày, giá vé cáp treo 2024",7
"1500+ lời chúc mừng sinh nhật mẹ chồng hay, ý nghĩa nhất",7
review top 3 camera hành trình xiaomi đáng mua nhất 2024,7
toàn bộ code idle gog miễn phí mới nhất 08/2024,7
top 7 ứng dụng quét virus android hiệu quả tốt nhất 2024,0
"code pls donate mới nhất (08/2024): nhận giftbux, booth miễn phí",0
review tẩy trang caryophy smart cleansing có thật sự tốt?,3
review top 10 máy xay sinh tố mini được ưa chuộng nhất,4
"17 app học tiếng anh miễn phí dành cho học sinh, sinh viên, người đi làm",7
top 10+ món quà sinh nhật dưới 50k thiết thực nhất 2024,7
review top 10 kem chống nắng cho da khô an toàn cho chị em,3
viên uống chống lão hóa là gì? top 15 viên uống tốt nhất 2024,3
mở tài khoản ekyc là gì? tác ngân hàng áp dụng đăng ký tài khoản ekyc,6
"cách chăm sóc môi sau phun xăm 1 ngày, 7 ngày, 1 tháng",3
"full code phàm nhân tu tiên mới nhất 08/2024, cách nhập",0
shopee sale 15.5 ưu đãi linh đình mua sắm đồng giá 1k cực kì hot,7
review sữa bầu similac mom có tốt không? có mấy vị? giá bán?,5
tết âm lịch 2024 vào ngày nào? mùng 1 tết là thứ mấy?,7
sầu riêng bao nhiêu calo? ăn sầu riêng có tốt không? có tăng cân không?,7
tuyển tập những mầu đầm body đẹp nhất hiện nay,3
"top 10+ loại bấm móng tay tốt nhất, đáng mua nhất 2024",3
"hướng dẫn sao kê online acb nhanh chóng, chi tiết nhất",7
"sinh nhật lazada 2023: thông tin voucher hot nhất, hoàn tiền tới 50%",7
"biển số xe các tỉnh, thành phố việt nam (mới nhất năm 2024)",7
ổ cứng di động là gì? điểm danh top 7 ổ cứng tốt nhất,0
công thức tính diên tích hình chữ nhật và các bài tập ví dụ,7
review chi tiết 2 dòng kem chống nắng banobagi có tốt không?,3
tổng hợp code rise of kingdoms mới nhất (08/2024) & cách nhập code,0
"bật mí cách sử dụng bếp nướng điện không khói đúng cách, an toàn và hiệu quả",7
review máy tăm nước waterpush 1904 tích hợp đèn uv diệt khuẩn,3
"top 6 app vay tiền online nhanh, uy tín, lãi suất thấp 2024",6
serum ahc? top 3 loại hot nhất đừng mua nếu chưa đọc bài viết này,3
băng vệ sinh mát lạnh là gì? top băng vệ sinh phụ nữ mát lạnh tốt nhất,3
top 5 dầu gội duỗi tóc thẳng ngay tại nhà mềm mượt như salon,3
da lộn là gì? hướng dẫn cách vệ sinh giày da lộn trông như mới,7
cách kiểm tra vé máy bay đã đặt trên traveloka nhanh chóng,7
lactoferrin và wellmune® betaglucan cặp đôi dưỡng chất vàng trong làng miễn dịch cho trẻ,5
"1500+ tên ở nhà cho bé gái hay nhất, độc nhất và dễ thương nhất",7
review tất tần tật về các loại son black rouge đình đám chính hãng trên shopee mall,3
review dầu gội hanayuki có tốt không? giá bao nhiêu?,3
top 30+ món quà noel cho bé ý nghĩa chắc chắn bé sẽ thích mê,5
sữa rửa mặt some by mi aha bha 30 days miracel acne clear foam có tốt không?,3
có nên khử thâm môi không? giá khử môi thâm bao nhiêu?,3
giải đáp: dùng xịt khoáng trước hay sau kem chống nắng?,7
cách đăng ký lái xe taxi vinfast xanh sm chi tiết nhất,7
tổng hợp full code tiểu yêu tầm đạo mới nhất 08/2024,0
top 9 bột ngũ cốc giảm cân an toàn và hiệu quả nhất 2024,5
"stt thanh xuân ngắn, những câu nói hay về tuổi trẻ rực rỡ và ý nghĩa nhất",7
tnp là số gì? giải mã ý nghĩa và cảnh báo lừa đảo,7
tết đoan ngọ là gì? ăn gì? mâm cúng và văn khấn chuẩn 2024,7
review nước tẩy trang chioture ferment one cleansing water có tốt không,3
review top 10 nồi cơm điện mini bán chạy nhất thị trường 2024,4
review mặt nạ sur.medic đỉnh của đỉnh nhưng ít người biết,3
"lương tháng 13 là gì? quy định, công thức cách tính lương tháng 13 năm 2024",7
review top 3 kem dưỡng ẩm a derma được yêu thích nhất,3
"top chữ ký đẹp theo tên đơn giản, hợp phong thủy cho nam và nữ",7
top 10 nước hoa hồng ngăn ngừa lão hóa hiệu quả nhất,3
bà bầu uống trà sữa được không? bà bầu nên uống gì?,5
"top điều hòa casper 9000 btu tốt nhất, giá thành phải chăng nhất",4
3gang có lừa đảo không? có nên tích lũy tại 3gang không?,6
"top 8+ màng bọc thực phẩm tốt, an toàn nhất nên mua",4
trọn bộ code anime souls simulator x mới 08/2024,0
cực cuốn với các trò chơi ở công viên nước sun world,7
vay nóng xã hội đen là gì? những điều cần biết trước khi lựa chọn,6
ghế massage toàn thân loại nào tốt? review chi tiết các loại,3
top 7 dầu gội clear phù hợp cho từng loại tóc được ưa chuộng nhất,3
nên cúng như thế nào và cần chuẩn bị lễ gì cho mâm cơm cúng rằm tháng 7?,7
đánh giá top 10 gối chống trào ngược cho bé tốt nhất nên mua,5
dùng 2 loại kem chống nắng trong 1 ngày có được không?,3
đừng mua tivi tích hợp dvb t2 khi chưa đọc bài viết này,4
hướng dẫn cách trị tàn nhang bằng nha đam hiệu quả tại nhà,3
"hướng dẫn cách hủy đơn hàng fahasa nhanh chóng, đơn giản",7
cách tính đường chéo hình thoi. ví dụ minh họa dễ hiểu,7
"7 cách thanh toán khoản vay doctor đồng nhanh, an toàn nhất",7
dùng bắt trước hay bắt chước là đúng từ điển tiếng việt?,7
tổng hợp khuyến mãi cyber monday 2023 hot nhất dành riêng cho bạn,7
"top 10+ app học tiếng anh trẻ em miễn phí hiệu quả, thú vị nhất",7
review bàn chải điện zenyum có tốt không? giá bao nhiêu?,3
review son mac 314 là màu gì? màu son thực tế đẹp không?,3
top 10 bàn học sinh tiểu học bố mẹ nên sắm ngay cho bé,4
cập nhật code draconia saga miễn phí mới nhất 08/2024,7
"50+ cách phối đồ mùa đông hack dáng, che khuyết điểm siêu đỉnh",7
mỹ phẩm kiehl's của nước nào? top 10 sản phẩm bán chạy nhất của hãng,3
đáp án đề thi vào lớp 10 môn ngữ văn tỉnh nghệ an 2024,7
camera hành trình vietmap có tốt không? gợi ý top camera hành trình tốt nhất?,7
sữa tươi không đường có tốt không? top 4 thương hiệu nổi bật,5
"review canxi hữu cơ: mẹ bầu vẫn lái xe ầm ầm, bé cứng cáp nhanh vận động nhờ mẹ thông thái chọn loại canxi này",5
số thập phân là gì? cấu tạo và cách đọc số thập phân?,7
"tổng hợp 25+ mẫu nail đẹp, sang chảnh, tôn da cho nàng",7
số 0 là số gì? là số chẵn hay lẻ? ý nghĩa thực sự ra sao?,7
review serum nno vite có trắng da không? giá bao nhiêu,3
máy đo oxy trong máu là gì? top 5 máy đo nồng độ oxy trong máu tốt nhất,0
top 5 sản phẩm sữa tắm dove được ưa chuộng nhất,3
máy đun nước pha sữa fatz quick nào tốt nhất 2024?,5
top 8 chai nước hoa pháp cho nữ thơm lâu đáng tiền nhất,3
giờ làm việc viettel store thế nào? có làm việc thứ 7 không?,7
review nước súc miệng betadine? nên dùng loại xanh hay vàng,3
review top 5 dòng mặt nạ bnbg được ưa chuộng hiện nay,3
nên mua laptop ở fpt hay thegioididong? mua ở đâu tốt hơn?,0
"sàn upcom là gì? những nguyên tắc, cách thức giao dịch cần biết năm 2024",6
review top 4 kem dưỡng ẩm innisfree cho từng loại da 2024,3
tự hại chính mình khi bảo quản thực phẩm trong tủ lạnh sai cách,7
top 3 quạt phun sương tốt nhất nên mua giá dưới 3 triệu đồng,7
078 là mạng gì? những ý nghĩa đặc biệt của đầu số 078 mà bạn chưa biết,7
tố cáo app cho vay nặng lãi ở đâu? đường dây nóng giải quyết nhanh,6
review viên uống trị nám transino có tốt không? cách sử dụng,3
top 6 bia không cồn được yêu thích nhất tại việt nam,1
bình sữa nào giống ty mẹ nhất? top 8 gợi ý cho bé không chịu bú bình,5
"top 5 serum phục hồi da sau mụn, da mỏng yếu tốt nhất hiện nay",3
review top 10 hãng son hàn quốc nổi tiếng được ưa chuộng nhất,3
xếp hạng top 5 thanh kiếm mạnh nhất blox fruit update 20,0
dãn hay giãn mới đúng chính tả co dãn hay co giãn? thư dãn hay thư giãn?,7
giải nghĩa chân cứng đá mềm là gì? thành ngữ hay tục ngữ?,7
top 6 loại mặt nạ đất sét tốt nhất nên dùng năm 2024,3
squalane là gì? liệu có đúng là vị cứu tinh của làn da?,3
gợi ý món quà tặng mẹ ý nghĩa nhất trong tất cả các dịp lễ quan trọng,7
bí kíp cách trả giá trên shopee để mua được giá hời nhất,2
review máy hút sữa fatz resonance 3 có tốt không? mua hàng chính hãng ở đâu?,5
tổng hợp kinh nghiệm xem phim giá rẻ bạn không thể bỏ qua,7
sữa cao năng lượng là gì? dùng thế nào để tốt nhất cho bé,5
"máy rang cà phê là gì? top 4 máy rang cafe tốt, giá thành hợp lý",4
serum bà lão là gì? có tốt không? giá bao nhiêu? mua ở đâu?,3
review kem chống nắng l'oreal vạch đỏ cho da gì? tốt không?,3
nhãn bao nhiêu calo? ăn nhãn có tốt không? có tăng cân không?,7
danh sách trung tâm sửa điện thoại tốt nhất tại việt nam,0
"cách bôi lại kem chống nắng như thế nào hiệu quả, nhanh gọn?",3
"full code vạn giới pk mới nhất, hot nhất 08/2024",0
mặt nạ b5 yuejin có tốt không? cách sử dụng như thế nào?,3
top 9 mẫu trang sức nữ dưới 100k đẹp ma mị đốn tim mọi cô gái,7
ngày 2-9 là ngày gì? ý nghĩa lịch sử của ngày 2/9/1945?,7
review nước hoa hồng sebamed facial toner ph5.5 có giúp se khít lỗ chân lông?,3
"1 triệu mấy số 0, 1 tỷ có mấy số 0 , một triệu là mấy số 0",7
cá dứa là cá gì? nấu món gì ngon với cá dứa? khác biệt giữa cá dứa và cá basa,1
top 10 sản phẩm sữa tăng cơ cho người tập gym tốt nhất hiện nay,1
cập nhật tổng đài thegioididong: mua hàng-khiếu nại-bảo hành,7
[mới] full bộ code goddess of victory nikke 08/2024,0
cách giành chiến thắng trong blade ball. các mẹo nên biết,0
đường xá hay đường sá? đi tìm từ nào đúng chính tả tiếng việt?,7
top 6 kem trị nám hàn quốc được ưa chuộng nhất hiện nay,3
review bột ăn dặm heinz có tốt không? vị bột nào ngon nhất?,5
full code anime last stand mới nhất 08/2024 - update 4,0
sữa dielac alpha vinamilk có tốt không? có táo bón không?,5
top 20 mẫu giày adidas nam chính hãng bán chạy nhất hiện nay,7
bàn chải đánh răng điện halio sonic có tốt không? giá bao nhiêu? mua ở đâu?,3
"hồ sơ, thủ tục mua tủ lạnh điện máy xanh trả góp nhanh, dễ",7
lý lịch đỏ là gì? có quan trọng không và lưu ý sử dụng,7
top 20 nước uống giải rượu nhanh chóng hiệu quả nhất tại nhà,3
review top 9 khách sạn móng cái chất lượng giá tốt 2023,7
nước mía bao nhiêu calo? uống nước mía tăng cân hay giảm cân,7
review sữa kazu gold sữa mát nhật bản có tốt không? giá bán?,5
hướng dẫn huỷ đơn hàng của fptshop.com.vn (huỷ đơn đã đặt mua),7
nên mua máy lọc nước nào tốt? review top 10+ hãng phổ biến,4
reviews bỉm good partner nội địa trung có tốt không? giá bao nhiêu?,5
tổng hợp các mẫu hình xăm mini ở cổ tay cực xinh và ấn tượng,7
review top 5 loại kem chống nắng whoo bán chạy nhất 2024,3
review về dav. dav là trường gì? sinh viên dav ra trường làm việc gì?,7
nằm lòng 3 nguyên tắc phối màu trang phục chuẩn như stylist,7
2 cách rán đậu bằng nồi chiên không dầu vàng đều giòn ngon,1
review gối chống trào ngược rototo bebe có tốt không?,5
rau mầm đá là gì? 5+ cách chế biến món ngon từ mầm đá dễ làm,1
code shindo life 2 mới nhất 08/2024: free spins coins,7
máy hút bụi cầm tay loại nào tốt? bật mí top 10 bán chạy,4
full code pony town mới nhất 08/2024 nhận quà khủng,0
mít bao nhiêu calo? cách ăn mít không tăng cân an toàn nhất,7
"tổng hợp số điện thoại tổng đài viettel, mobifone, vinaphone, vietnamobile",7
"cách mua thẻ điện thoại thế giới di động chiết khấu cao 2%, giá rẻ",7
bae là j? ý nghĩa của bae trên facebook và một số lĩnh vực khác,7
đánh giá chi tiết top 10 loại loa bluetooth sony tốt nhất hiện nay,0
sữa tiểu đường glucerna có tác dụng gì? chế độ ăn tốt nhất cho người bị tiểu đường,1
"hướng dẫn thanh toán vnpay nhanh chóng, tiện lợi chi tiết",7
reviews chi tiết dầu gội watsons love my hair aloe vera & lilac shampoo,3
kẻ mắt karadium có thực sự thần thánh như quảng cáo?,3
review nước rửa tay lifebuoy diệt khuẩn tốt không? giá bao nhiêu?,3
review top 5 nước hoa hồng phục hồi da tốt nhất 2024 không thể bỏ qua,3
top 10 nồi cơm điện 4 - 6 người ăn được ưa chuộng nhất,4
"những câu nói tiếng anh hay về tình yêu, cuộc sống đáng suy ngẫm nhất",7
top 7 bài văn mẫu thuyết minh về cây bút bi hay nhất,7
tinh dầu hoa anh thảo loại nào tốt? top 5 đáng mua nhất,3
review nước tẩy trang garnier vàng có tuyệt vời như lời đồn?,3
"bệnh đau mắt đỏ- triệu chứng, nguyên nhân và cách chăm sóc",7
"shopee 25/2 - siêu sale lương về, vô vàn ưu đãi hấp dẫn",7
review tầm 5 triệu nên mua máy lọc nước nào tốt nhất 2024,4
review top 5 túi hâm sữa cầm tay nhỏ gọn được yêu thích nhất,5
"cách viết bản kiểm điểm cho học sinh, đảng viên, quân đội chi tiết",7
top 10 bình giữ nhiệt lock&lock được yêu thích nhất hiện nay,4
serum trị mụn cho da dầu là gì? 10 sản phẩm được tin dùng hiện nay,3
review top 10 kem nền cho da dầu mụn đáng dùng nhất,3
"top 7 bộ nồi sunhouse chất lượng, giá tốt đáng mua 2024",4
đánh giá top 4 dòng sữa nhật cho bé tốt nhất hiện nay,5
review top 15+ bình sữa cho trẻ sơ sinh tốt nhất,5
top 10 kem lót cho da khô giúp da mềm mịn được yêu thích,3
tập hợp các skill trong blade ball: cái nào mạnh nhất?,0
"hotline lazada, tổng đài chăm sóc khách hàng lazada",7
dùng sữa rửa mặt khi nào? top sữa rửa mặt tốt nhất 2024,3
top 15 bình đựng nước học sinh tốt nhất hiện nay,4
"top 8 quán bún bò huế hà nội siêu ngon, chuẩn vị nhất 2024",1
đánh giá top 5 bình nóng lạnh trực tiếp tốt nhất & so sánh loại gián tiếp,4
top 10 bình sữa hàn quốc tốt nhất 2024 cho bé mẹ nên mua,5
"999+ stt nàng thơ nhẹ nhàng, hay đặc sắc cân mọi ảnh",7
robocash - cách vay robocash 5 triệu online chỉ cần cmnd,6
500+ những câu nói hay về cuộc sống sẽ khiến bạn suy nghĩ,7
đánh giá top 8 sản phẩm mỹ phẩm laneige bán chạy nhất hiện nay,3
"review kem chống nắng pestlo saferecipe kiềm dầu, nâng tone hot tóp tóp",3
[cập nhật] code z piece roblox mới nhất 08/2024 nhận quà khủng,0
"999+ ảnh bìa đẹp cho nam, nữ, zalo, facebook, annime, tâm trạng buồn",7
bột bắp là gì? thay bột chiên giòn bằng bột bắp được không?,7
top 10 shop bán áo bomber nam đẹp nhất trên shopee 2024,7
hướng dẫn cách nhận quà ff bằng id (free fire) miễn phí,0
sự thật traveloka lừa đảo? đánh giá traveloka có uy tín không,7
"cách mẹ dạy con mới lớn về tình dục cực hay, ý nghĩa gây sốt cộng đồng mạng",7
code nro blue mới nhất cập nhật 08/2024 và cách nhập,0
đánh giá top 6 sữa rửa mặt nivea nam tốt và đáng mua nhất 2024,3
"review bình sữa chicco núm nghiêng pisa natural feeling 60ml, 150ml, 250ml và 330ml",5
"đằng sau cơn sốt bình sữa trên thị trường nhật, là thương hiệu nào?",5
kho shopee express ở đâu? danh sách kho shopee express trên toàn quốc,7
bí mật siêu sale shopee 15.12 - deal hot không thể bỏ lỡ,7
"top 5 phần mềm diệt spyware hiệu quả tốt, đã được kiểm chứng",0
091 là mạng gì? tại sao đầu số 091 lại được nhiều người lựa chọn,7
"hướng dẫn du lịch vinpearl hạ long resort rẻ, đầy đủ và chi tiết nhất",7
"công viên rồng ở đâu? khám phá trò chơi, giá vé dragon park",7
review kem trị mụn klenzit ms có thực sự đáng để sử dụng không?,3
"những stt về bà ngoại, bà nội hay cảm động và đầy ý nghĩa",7
review sữa rửa mặt gạo the face shop có thực sự tốt 2024,3
lazada 6.6: trọn bộ mã giảm giá và deal hot nhất sàn,7
"top 50+ kiểu tóc ngắn layer hàn quốc trẻ trung, thời thượng nhất",7
top 13 mẫu đèn cột ngoài trời cổ điển - sang trọng - đẹp nhất,4
đánh giá top 3 viên đặt se khít vùng kín tốt và hiệu quả nhất 2024,3
tẩy tế bào chết huxley secret of sahara scrub mask sweet therapy,3
"văn khấn rằm tháng giêng cúng gia tiên, cúng phật, thần tài chuẩn nhất",7
review cosrx aha bha clarifying treatment toner,3
do july me nghĩa là gì? trò chơi chữ tỏ tình độc đáo của gen z,7
nước rửa bình sữa có thực sự an toàn hay không?,5
"thực đơn ăn dặm cho bé 9 tháng tuổi biếng ăn, chậm tăng cân",5
"halloween là ngày gì? halloween là ngày nào, tháng mấy năm 2024",7
mẹ có nên dùng nồi hấp thức ăn cho bé không? dùng loại nào tốt và bền,7
chó chê mèo lắm lông là gì? cách nói mỉa cực thâm thúy,7
đánh giá 3 dòng son dưỡng 3ce giúp làm căng mọng bờ môi,3
đánh giá và cảm nhận về tai nghe airpods pro sau hơn 1 năm sử dụng,0
chanhtuoi tuyển dụng affiliater tại hà nội và tp hcm,7
"cách cúng ông công ông táo chi tiết 2024: mâm cỗ, bài cúng...",7
review chi tiết kem chống nắng laneige radian-c sun cream,3
e-voucher shopee là gì? cách mua và sử dụng e-voucher shopee,7
kho bw soc shopee ở đâu? khi nào nhận được hàng từ kho này?,7
"100+ câu nói, cap quay lại với nyc ngắn gọn, hàn gắn tình yêu",7
ga chống thấm loại nào tốt? top 10+ ga giường chống thấm tốt nhất,5
"cách check in online vietnam airlines chi tiết, nhanh chóng",7
numbuzin là thương hiệu của nước nào? có uy tín không?,8
reivew kem trị mụn sebamed có thực sự hiệu quả?,3
"chủ nhà tuổi ngọ chọn người xông đất, xông nhà năm 2024",7
80 câu tiếng anh thân thuộc để ba mẹ giao tiếp với con mỗi ngày,7
mỹ phẩm breylee của nước nào? top 15 sản phẩm bán chạy nhất,3
"cập nhật lệnh random blox fruit vip, xịn mới nhất 2024",0
top 9 kem chống nắng dạng gel cho làn da không gây bết dính,3
review top 10+ dụng cụ hút mũi cho trẻ sơ sinh tốt nhất,5
"stt độc thân vui vẻ, hài hước, cap độc thân bằng tiếng anh",7
"hướng dẫn tẩy trang đúng cách cho da mụn, những điều bạn cần tránh",3
ngân hàng kbank là gì? ngân hàng kbank có lừa đảo không?,6
có nên nặn mụn không? cách chăm sóc da đúng cách sau khi nặn mụn,3
review son bbia 15 là màu gì? màu thật lên môi đẹp không?,3
review mặt nạ retinol e&g hàn quốc có tốt không? mua ở đâu?,3
3 điểm cần lưu ý khi sử dụng internet banking (e-banking),7
review kem chống nắng vichy capital soleil có tốt không?,3
review chi tiết kem chống nắng anessa màu trắng có thực sự tốt?,3
"top 10 nước tẩy trang cho da thường làm sạch, dưỡng da hiệu quả",3
"99+ stt mất ngủ đầy tâm trạng, cap cho hội cú đêm hài hước",7
"tổng hợp những bài thơ, ca dao tục ngữ, stt về thợ mộc",7
review serum wellage real hyaluronic blue có tốt không?,3
tổng hợp các bài văn viết về bảo vệ môi trường hay nhất của học sinh,7
những câu nói hay về lòng dạ con người cực kỳ thâm thúy mới nhất,7
top 5 website bán hàng gia dụng và đồ nhà bếp uy tín nhất việt nam,4
đồng hồ thông minh là gì? đánh giá đồng hồ thông minh xiaomi miband,7
20+ kiểu tóc layer nam ngắn đẹp và chất đón đầu xu hướng 2024,7
top nước hoa blue khiến phái nữ “chết mê chết mệt” mà bạn không nên bỏ qua,3
review chi tiết sữa rửa mặt cerave tốt không? nên mua không?,3
so sánh sữa nan supremepro 3 và các loại sữa nan supreme khác,5
bột mì số 8 là gì? bột mì số 8 làm bánh gì ngon? các loại bột mì ngon nhất?,7
full code soul knight cập nhật mới nhất 08/2024 & cách nhập,0
"top 10+ kem trắng da cho nam hiệu quả, được tin dùng 2024",3
review chi tiết top 4 dòng kem chống nắng allie tốt nhất 2024,3
review top 4 máy đun nước pha sữa moaz bebe tốt nhất 2024,5
gợi ý top 6 bột rau câu giòn ngon nhất hiện nay,1
cây hút mụn mini có thực sự tốt như bạn tưởng?,7
top 7 kệ để đồ nhà bếp được yêu thích nhất năm,4
top 10 khách sạn phố cổ hà nội tốt nên chọn khi đến thủ đô,7
cập nhật hạn mức chuyển tiền sacombank mới nhất 2024,6
review top 15 cách làm đẹp từ chanh tươi đơn giản mà cực hiệu quả,3
review dầu gội hachi có tốt không? top 8 loại hiệu quả nhất,3
1999+ những câu nói hay về bản thân ý nghĩa nhất 2024,7
9 cách lấy lại mật khẩu facebook không cần email,7
"du lịch singapore theo tour, tại sao không?",7
"125+ địa điểm du lịch gần hà nội (du lịch 1-2 ngày, tổ chức team building)",7
đánh giá chi tiết surface laptop go 2 ice blue intel core i5 ram 8gb ssd 128gb,0
mua vé cáp treo fansipan ở đâu? cập nhật bảng giá mới nhất,7
"máy bơm nước tăng áp là gì? top 5 sản phẩm tốt, bán chạy nhất",4
hình xăm mặt quỷ mini có ý nghĩa gì? có nên xăm không?,7
top kệ giày dép thông minh là gì nào đang được ưa chuộng nhất,4
review công nghệ đáng tiền nhất trên máy giặt: ngăn giặt xả tự động theo độ bẩn,4
"kinh nghiệm du lịch 11 người đi tràng an, bái đính (nình bình) 2 ngày 1 đêm tốn 500k",7
"cách làm ô mai mận tại nhà đơn giản, dễ thực hiện nhất",1
review top 10 sữa rửa mặt nam hàn quốc được yêu thích nhất,3
trải nghiệm kem lót zeesea nội địa trung: liệu có thần thánh như lời đồn?,3
"những câu nói hay về sách, danh ngôn nói về sách ý nghĩa",7
"stt tháng 7/2024 ❤️ câu nói hay chào tháng 7 hay, lắng đọng",7
"cách chạy quảng cáo lazada hiệu quả, tăng đơn nhanh chóng 2024",7
vitamin d là gì? vitamin d có trong thực phẩm nào để bổ sung cho cơ thể,3
[mới] tổng hợp các phím tắt trong word đầy đủ từ a đến z,7
chi tiết biểu phí vpbank cập nhật chính xác nhất 2024,6
review kem dưỡng ẩm lamer có thực sự tốt như lời đồn?,3
"khoá học tiếng trung online tại nhà giá rẻ, tốt nhất",7
kinh nghiệm tìm khách sạn hà nội giá rẻ dành cho du khách,7
100g bánh mì bao nhiêu calo? ăn bánh mì có béo không?,3
cảng pingxiang shopee ở đâu? hàng bao lâu về việt nam?,6
top 9 loại sữa dê cho bé tốt nhất giúp tăng cân & phát triển,5
đừng vội quyết định xỏ khuyên nếu bạn chưa nắm rõ những điều này,3
review dầu gội nerman trị gàu có tốt không? bán ở đâu?,3
review top 10+ sữa tăng sức đề kháng cho bé khỏe mạnh,5
top 5 phần mềm tải video trên youtube mà bạn nên biết,7
hotline tiki là gì? các cách liên hệ với tổng đài tiki để được hỗ trợ nhanh nhất,7
review 7 dòng máy tiệt trùng sấy khô bình sữa tốt nhất 2024,5
cách chọn sách cho bé 3 tuổi & top 10 cuốn sách bổ ích nhất,5
men vi sinh nutri d day có tốt không? giá bao nhiêu? dùng như nào?,3
uva-pf là gì? nó quan trọng như thế nào trong kem chống nắng?,3
"note ngay cách làm 8 món ngon từ ốc bươu đơn giản, dễ làm",7
review top 4 loại phấn phủ laura mercier hot nhất 2024,3
số điện thoại chăm sóc khách hàng techcombank,6
"review top 10 kem chống nắng hóa học an toàn, lành tính nhất",3
review thực tế: nacurgo xịt (xịt nghệ nacurgo) có tốt không?,3
top 5 sản phẩm chứa arbutin trị nám tốt nhất hiện nay,3
review băng vệ sinh mama có tốt không? thấm hút thế nào? giá bao nhiêu?,5
tác dụng của trà gạo lứt xạ đen đậu đen có thực sự thần thánh như lời đồn?,3
mũ bảo vệ đầu cho bé là gì? gợi ý top 10 sản phẩm tốt nhất,5
review top 5 nước hoa hồng ohui đang được yêu thích nhất 2024,3
sữa tăng chiều cao cho bé là gì? review 5+ loại sữa tốt nhất,5
cơm cháy bao nhiêu calo? ăn cơm cháy tăng cân không?,7
những đồ dùng cần thiết cho trẻ sơ sinh cần chuẩn bị,5
review sữa nan nga số 2 có tăng cân không? mua ở đâu?,5
hướng dẫn cách làm mặt nạ trung thu đơn giản ngay tại nhà,7
giải mã hoa hồng trắng có ý nghĩa gì không phải ai cũng biết,7
gợi ý 6 loại mặt nạ sữa tươi có tác dụng chăm sóc da hiệu quả,3
"mỹ phẩm la roche posay: xuất xứ, các dòng sản phẩm chính, gian hàng chính hãng",8
review top 10+ máy hút mũi cho bé tốt nhất 2024 & báo giá,5
"điểm danh 15 dòng son nước cho nàng làn môi gợi cảm, quyến rũ",3
review son bbia màu 23 là màu gì? hợp với loại da nào?,3
lễ vow là gì? nét đẹp mới trong văn hóa cưới hỏi,7
"top 10+ nồi hấp điện tốt, giá thành hợp lý nên mua nhất hiện nay",4
"gợi ý 15+ món quà tặng cô giáo cuối năm học ý nghĩa, thiết thực",7
"top 10 lều cắm trại chống mưa xịn sò, chất lượng nên mua",7
xịt khử mùi axe có tốt không? giá bao nhiêu? đặt hàng ở đâu?,3
top 10 mascara làm dài mi được chị em ưa chuộng nhất,3
"đánh giá top 15 quạt thông gió làm mát hiệu quả, giá thành phải chăng",4
hướng dẫn cách làm các món ăn từ sữa đặc ngon tuyệt đỉnh tại nhà,1
ấm siêu tốc loại nào tốt? top 15 sản phẩm đáng mua 2024,4
"top 15+ món quà tặng 20.11 ý nghĩa, thiết thực nhất dành cho thầy cô",7
review nồi chiên không dầu philips top 6 tốt nhất 2024,4
review serum chống lão hoá estee lauder advanced night repair có đáng đầu tư?,3
review top 10 túi zip đựng quần áo tốt nhất nên mua năm 2024,4
aloe vera là gì? những tác dụng khiến thành phần này được ưa chuộng,3
"top 5 thớt kính cường lực chất lượng tốt, bán chạy nhất hiện nay",4
cách lựa chọn sắt dự phòng cho trẻ sơ sinh hiệu quả,5
review chi tiết nước tẩy trang la roche posay cho da dầu mụn,3
5 cách làm bánh mỳ thơm ngon lại siêu đơn giản cho mẹ đảm,1
top 9 thầy xem tử vi nổi tiếng ở hà nội chính xác nhất 2024,7
"review top 9 dụng cụ bào rau củ tốt, đáng mua nhất",4
những cách lấy mật khẩu wifi nhà hàng xóm vô cùng dễ dàng,7
"toàn bộ code sơn hải kinh 3d mobile mới nhất 08/2024, cách nhập",0
review máy hâm sữa fatz 3 chức năng mono 1-fatzbaby fb3003sl,5
tổng đài hdbank – số điện thoại hotline hdbank cskh 24/24,7
bôi kem chống nắng có làm trắng da không? tại sao?,3
"hướng dẫn quy đinh về đổi trả vé, hoàn vé chuyến bay vietnam airlines",7
review toner fraijour có tốt không? đánh giá mới nhất 2024,3
hướng dẫn kiểm tra/check bảo hành thegioididong chi tiết,7
combo trị mụn antibac có tốt không? hiệu quả trị mụn như nào?,3
"199+ stt trưởng thành ngắn gọn, cap trưởng thành về cuộc sống",7
đánh giá sữa dielac alpha gold iq có mấy loại? có tốt không?,5
mức phí thường niên thẻ tín dụng vpbank cập nhật mới nhất 2024,6
có nên mua hàng online điện máy chợ lớn hay không?,7
thông báo lịch cắt điện hà nội từ 01/08 đến 26/08/2023,7
hiểu rõ về các loại nám da phổ biến để điều trị đúng cách,3
top 15+ món ngon từ thịt lợn nạc dễ chế biến cả nhà đều mê,1
review top 3 nước hoa hồng estee lauder bán chạy nhất 2024,3
review top 8 sữa rửa mặt trị mụn đỉnh đáng mua nhất 2024,3
review bột ăn dặm nestle có tốt không? có những loại nào?,5
cách chơi play together miễn phí không cần tải (miễn phí),0
"cốm vi sinh là gì? top 5 cốm tăng cân, tăng sức đề kháng cho bé tốt nhât",5
"review top 7 bình thủy điện tốt, giá rẻ nên mua nhất 2024",4
đánh giá top 2 kem nền mac nổi tiếng đáng mua nhất 2024,3
"top 9 mẫu kệ sách treo tường đẹp, đáng mua nhất",4
booking.com lừa đảo? đánh giá hoạt động tmđt trên booking.com,7
review top 10 app hẹn hò online uy tín tại việt nam,7
"mã khuyến mãi highlands 08/2024 mới, còn hiệu lực",2
"tải icon zalo png, zalo vector đơn giản và nhanh nhất 2024",7
"caitlyn dtcl mùa 10 - đội hình, lên đồ mới nhất 2024",0
4 cách sao kê online techcombank cho cá nhân và doanh nghiệp,7
sunplay skin aqua tone up uv milk có tốt không? giá bao nhiêu?,3
review dầu gội olexrs có thật sự tốt hay không? có nên mua?,3
review xịt khoá nền carslan có tốt không? nên mua không?,3
99++ lời chúc sinh nhật bằng tiếng anh hay nhất thời đại,7
[chuẩn] sếp hay xếp là đúng chính tả? sếp tổng hay xếp tổng?,7
review dầu gội khô girlz only tốt không? mùi nào thơm nhất?,3
hướng dẫn 4 cách nạp thẻ coin master nhanh chóng và uy tín,0
review kem chống nắng dr lady hàn quốc có tốt không?,3
điểm danh 10 shop bán quần áo rẻ trên shopee không thể bỏ qua,7
"199+ stt mùa đông, cap mùa đông thả thính cute, hài hước",7
full code grand piece online 08/2024 nhận quà đỉnh,0
chính sách đổi trả điện máy xanh và hướng dẫn chi tiết,2
top 10 hộp cơm cắm điện tốt nhất hiện nay bạn nên chọn,7
review dầu gội sunsilk có tốt không? nên mua loại nào?,3
sai sót hay sai xót: từ nào đúng chính tả theo từ điển?,7
review kem dưỡng dermacos anti-acne matting cream có tốt không?,3
review kem chống nắng caryophy smart sunscreen tone up spf50+,3
"tổng hợp top 10+ siro ho cho bé tốt nhất tiêu đờm, dịu họng",5
tết nguyên đán 2024: tổng hợp các thông tin ai cũng quan tâm,7
gợi ý 50+ thực đơn giảm cân đơn giản tiết kiệm và hiệu quả nhất,1
cách lấy lại nick tiktok cũ đơn giản đảm bảo 100% thành công,7
giày/dép tập đi cho bé là gì? các mẫu đẹp nhất và cách chọn,5
review sữa tắm medimix có thực sự là vũ khí trị mụn lưng thần kỳ,3
cà tím làm món gì ngon? 10+ món ngon từ cà tím dễ làm nhất,1
bột bắp và bột mì có giống nhau không? làm món gì ngon?,7
"99+ lời chúc valentine đen 14/4 hay, ý nghĩa, ấn tượng nhất",7
gợi ý những món quà 1-6 cho bé yêu ý nghĩa theo độ tuổi,5
review 3 loại sữa dưỡng thể love beauty and planet tốt nhất,3
toàn bộ code fruit seas miễn phí mới nhất 08/2024,7
cờ lê là gì? những loại cờ lê thường gặp và công dụng của nó,4
phí thường niên tpbank evo? biểu phí cập nhật mới nhất 2024,6
gợi ý 8 món đồ chơi thông minh cho bé 1-2 tuổi mẹ nên mua,5
"virus shortcut là gì? cách diệt virus trên usb, pc dễ dàng",0
review 2 sữa rửa mặt dr.g dùng cho da gì? có tốt không?,3
"50+ lời chúc mừng sinh nhật bạn ý nghĩa, lầy lội, hài hước nhất",7
"top 15+ kiểu tóc nam mặt tròn đẹp, hot nhất năm 2024",7
kềm nghĩa cắt da loại nào tốt? gợi top 10 bán chạy nhất,3
5 cách chụp màn hình máy tính hp nhanh và đơn giản,7
điện máy xanh lừa đảo? mua hàng ở điện máy xanh có tốt không?,7
atsm là gì? những ý nghĩa chuẩn nhất về tử atsm,7
review top 10 sữa bột cho mẹ sau sinh tốt cho cả mẹ và bé,5
nên mua quạt điều hòa hãng nào? gợi ý top sản phẩm nên mua,4
review những mẫu đồng hồ nam đẹp dưới 2 triệu đáng mua nhất,0
note ngay thực đơn 7 ngày trong tuần tiết kiệm đủ dinh dưỡng,1
điện máy chợ lớn thanh lý hàng trưng bày giá sốc: nên mua không?,6
hướng dẫn 10 cách búi tóc bằng kẹp càng cua đơn giản mà cực xinh,7
mamma mia là gì? ý nghĩa là gì? được sử dụng khi nào,7
toàn bộ code jujutsu sorcerer miễn phí mới nhất 2024,7
20+ gợi ý tặng quà sinh nhật cho bạn thân nữ học sinh,7
tua vít là gì? chúng có công dụng gì trong cuộc sống hàng ngày,4
top 5 khóa học photoshop online đáng đồng tiền bát gạo nhất,7
số hotline tổng đài citibank toàn quốc hỗ trợ 24/7 miễn phí,7
5 sai lầm nguy hiểm khi chuẩn bị thực đơn ăn dặm cho bé 8 tháng tuổi,5
ví voucher lazada ở đâu? sưu tập như thế nào và sử dụng ra sao?,2
review top 5 cuốn sách ăn dặm kiểu nhật hữu ích mẹ nên đọc,5
hướng dẫn chạy quảng cáo tiktok shop đơn giản mà hiệu quả,7
review sữa rửa mặt bioderma cho da dầu mụn loại nào tốt?,3
gợi ý 30+ thực đơn cho bà bầu 3 tháng cuối vào con cấp tốc,1
[review]: serum nature queen - ah8 có thật sự tốt như lời đồn?,3
máy tính bảng là gì? những tiện ích vượt trội khi sử dụng máy tính bảng,0
kem dưỡng da sau khi cạo râu là gì? 5 sản phẩm tốt nhất dành cho nam giới,3
review sữa tắm nam bath and body works mùi nào thơm nhất?,3
"quà sinh nhật cho sếp nam lịch sự, ấn tượng mà đẳng cấp",7
top 10 cuốn sách cho trẻ 11 tuổi hay và bổ ích nhất,7
tổng hợp 10 loại sữa tăng cân cho người gầy tốt nhất 2024,1
kem trị mụn dermaton us liệu có thần thánh như lời đồn?,3
"fado lừa đảo? mua hàng trên fado.vn có an toàn, uy tín không?",8
top 5 điện thoại dưới 4 triệu tốt nhất hiện nay nên mua 2024,0
danh sách code type soul miễn phí mới nhất 08/2024,7
review kẻ mắt nước đến từ hãng nội địa trung perfect diary có đáng tiền,3
tuyển tập những bài thơ hay về gia đình hạnh phúc,7
những điều bạn nên biết về yến mạch giảm cân? nó có thực sự đúng hay không,7
hướng dẫn làm gối ôm cá ngựa cho bé yêu cực dễ,7
tổng hợp code pet simulator 99 08/2024 mới nhất,0
máy lọc nước geyser có tốt không? top máy lọc nước bán chạy nhất geyser,4
review son dưỡng carmex dạng thỏi có tốt như lời đồn?,3
tổng hợp deals adidas khuyến mãi lên đến 60% siêu hot,7
thịt bò bao nhiêu calo? ăn thịt bò có giúp bạn có vóc dáng đẹp không?,1
cập nhật chi tiết bảng màu son shu uemura đầy đủ nhất 2024,3
review top 5 thỏi son innisfree mẫu mới nàng nào cũng nên có,3
sữa tắm dettol diệt khuẩn có mấy loại? loại nào tốt nhất?,3
"top 100+ mẫu hình xăm mini ở ngón tay đẹp, ý nghĩa nhất",7
top 5 tủ lạnh hitachi 4 cánh inverter bán chạy đáng mua nhất,4
iron oxide là gì? iron oxide có vai trò gì trong mỹ phẩm?,7
"hướng dẫn cách đặt hàng trên watsons chi tiết, nhanh nhất",7
"top 5 bàn học chống gù cho bé an toàn, chất lượng tốt nhất",4
"99+ stt buồn tủi thân một mình về cuộc sống, tình yêu, gia đình",7
10 lợi ích bất ngờ khi uống chanh mật ong đúng cách mỗi ngày,7
"1500+ ảnh gái xinh tóc dài đeo kính cuốn hút, nhìn phát yêu luôn",7
mách mẹ 7 cách nấu bột ăn dặm buổi sáng cực nhanh mà đủ chất cho bé yêu,5
top 4 kem chống nắng skinfood bán chạy nhất 2024,3
review dầu gội nước hoa saryyam có tốt không? có thơm không?,3
kinh nghiệm dùng nồi men sứ bền và an toàn cho sức khỏe nhất,7
101+ những câu nói hay để khắc lên ví ý nghĩa nhất tặng người thân yêu,7
cách dưỡng trắng da body tuổi dậy thì tại nhà hiệu quả,3
đánh giá bình ủ cháo lock lock có tốt không? loại nào tốt?,4
review địu ngồi cho bé & top 8 địu em bé có bệ ngồi tốt nhất,5
tham quan hay thăm quan? đừng nhầm lẫn khi dùng hai từ này,7
review 2 loại chì kẻ mày dearmay được yêu thích nhất 2024,3
"vay sinh viên: điều kiện, thủ tục, lãi suất vay bạn cần biết",6
toàn bộ code slap battles miễn phí mới nhất và cách nhập,7
đi biển mặc gì hè 2023? 12 cách mix đồ đi biển hot trend hè năm nay,7
"stt tháng 9 hay ❤️️ cap tháng chín yêu thương hài hước, ngắn gọn",7
bật mí cách dạy con của người nhật khiến các mẹ phải ngả mũ,7
review nước hoa narciso - các mùi hương được yêu thích nhất,3
"gãy tàn nhang, tàn nhang cong, nhang cuốn tàn là điềm gì?",7
review tạo khối too cool for school có tốt không mà hot mãi?,3
review bộ đôi sản phẩm kem dưỡng garnier có tốt không?,3
ổ cứng là gì? ổ cứng để làm gì? có mấy loại ổ cứng? bảo quản như nào?,0
"top bài hát đám cưới siêu hay, đình đám nhất mọi thời đại",7
mặt nạ khoai tây sữa tươi - món quà vô giá từ thiên nhiên,3
da dầu có cần dưỡng ẩm không? nên dùng kem dưỡng ẩm nào?,3
có nên mua máy giặt mini không? top 4 máy tốt nhất hiện nay,4
top 6 kem chống nắng paula's choice bán chạy nhất 2024,3
bộ sưu tập mới nhất tranhh tô màu robot cho bé thích thú,7
review top 10 máy pha cà phê gia đình tốt nhất đáng mua 2024,4
top 10 shop giày uy tín trên lazada được mua nhiều nhất năm,7
hạt chia bao nhiêu calo? cách giảm cân bằng hạt chia hiệu quả,7
bột mì số 11 là gì? top 5 loại bột mì đa dụng làm bánh số 11 tốt,7
perysmith của nước nào? sản phẩm của perysmith có tốt không?,8
những đồ không được mang lên máy bay vietnam airline 2024,7
review tinh chất trị nám dr. baumann niacin vitamin b3,3
bạn đã biết cách phân loại kem dưỡng da chưa?,3
hướng dẫn mở thẻ tpbank evo nhanh và chi tiết nhất 2024,6
top 7 sản phẩm dầu gội xmen được nam giới ưa chuộng nhất,3
tổng hợp bảng mã lỗi máy giặt lg và cách khắc phục,4
top 4 nhãn hàng hàng hiệu giá rẻ cho chị em thích hàng hiệu,7
sự thật viên uống chống ánh sáng xanh dhc có tác dụng chống nắng?,3
"cách chơi blade ball trên điện thoại, trên máy tính 2024",7
lưu code project 9 thiên đường giả lập mới nhất 08/2024,0
giải mã nốt ruồi ở bắp tay có ý nghĩa như thế nào? tốt hay xấu,7
android tv box là gì? top 7 thiết bị đáng mua nhất hiện nay,0
"shop xịn lazada là gì? lợi ích khi mua, bán hàng với shop xịn?",2
máy lọc không khí boneco có tốt không? top 3 máy lọc khí boneco hot nhất,4
cách xịt nước hoa nam thơm lâu các chàng đã biết chưa?,3
cách kiểm tra trạng thái vận chuyển đơn hàng trên banggood,7
3 cách tra cứu số tài khoản mbbank của người khác nhanh nhất,7
"review mascara nongchat thần thánh có thực sự tơi, dài mi?",3
"tổng đài tpbank fico, hotline cskh công ty tài chính tpfico: 1900636633",7
"top 7 cách chữa hóc xương cá bằng mẹo dân gian nhanh chóng, hiệu quả",7
lazpaylater là gì? cách kích hoạt và sử dụng như thế nào?,2
game 1k kỳ diệu lazada là gì? hướng dẫn cách chơi cho người mới,2
"tổng hợp 22 câu đố về quả, tưởng không dễ mà lại dễ không tưởng",7
review mặt nạ ngủ laneige 2024: có tốt như lời đồn?,3
full code tân ỷ thiên đồ long ký mới nhất 08/2024,0
có nên mua tivi samsung 40 inch không? top 5 tivi 40 inch bán chạy nhất,4
review nước hoa club de nuit nữ tốt không? thơm lâu không?,3
4 cách tắt thông báo shopee trên điện thoại cực nhanh và đơn giản,7
"sáng lạng hay xán lạn là đúng chính tả, nguyên nhân dẫn tới sự nhầm lẫn",7
ứng dụng 3gang là gì? tích lũy an toàn chỉ từ 30.000đ,6
bùa yêu là gì? điểm những dấu hiệu nhận biết bị bỏ bùa yêu,7
"ngày đẹp khai xuân 2024 - ngày tốt khai trương, mở bán đầu năm",7
tổng đài acs là gì? số hotline công ty tài chính acs hỗ trợ 24/24,7
top trang web mua hàng nước ngoài ship về việt nam phổ biến,7
mật mã tình yêu bằng số thay lời tỏ tình ý nghĩa mà kín đáo,7
cẩu lương là gì? cơm chó là gì? sao lại hot như vậy?,7
top 10 nồi nấu bột cho bé chất lượng nhất mà mẹ nên mua,5
review ngũ cốc calbee có tốt không? màu nào ngon nhất?,1
"cách hóa vàng ngày ông công ông táo, văn khấn chuẩn nhất",7
những thông tin cực hữu ích về essential oils mà bạn nên biết,3
"top 10 vitamin d3 cho trẻ sơ sinh tốt, an toàn nhất hiện nay",5
"đánh giá top 10+ bút kẻ mắt nước tốt nhất, bán chạy nhất hiện nay",3
"review top 4 xe đẩy đôi bền, tiện dụng, bán chạy nhất 2024",5
top 10 sữa rửa mặt cho da hỗn hợp thiên khô tốt nhất được khuyên dùng,3
"những câu cap tiểu sử fb hay, siêu ngầu cho profile ấn tượng",7
review top 14 nước rửa tay khô tốt nhất được tin dùng năm 2024,3
đánh giá top 10 xe đạp tập thể dục tại nhà tốt nhất nên mua 2024,7
"rau sắng là gì? cách chế biến rau sắng ngon, dễ làm tại nhà",1
top resort đà nẵng tốt khuyến mãi hè giá cực rẻ - không đi là phí,7
kaspersky có tốt không? đánh giá kaspersky chi tiết 2024,0
toàn bộ code thiên đình ta vô địch mới nhất 08/2024,7
review top 3 kem chống nắng la roche posay cho da dầu 2024,3
"99+ lời chúc 8/3 cho bạn bè, cô giáo ngắn gọn, ý nghĩa nhất",7
"sao kê ngân hàng là gì? hướng dẫn chi tiết in sao kê vietcombank, teckcombank",7
review kem dưỡng ẩm skin1004 có tốt không? có mấy loại?,3
khoai tây bao nhiêu calo? cách giảm cân với khoai tây hiệu quả,7
review tẩy tế bào chết gmeelan có tốt không? của nước nào?,3
"review top 4 phấn phủ zeesea cho finish mỏng mịn, đẹp như mơ",3
nước tẩy trang bioderma có mấy loại? review top 2 bán chạy,3
review kem a313 liệu có thực sự thần thánh như lời đồn?,3
tam tai là gì? làm thế nào để hóa giải tam tai năm 2024,7
làm thế nào để tắm cho trẻ sơ sinh đúng cách,7
máy rửa mặt halio 5 trong 1: có thật sự là đầu tư hay lãng phí?,3
review kem chống nắng espoir có tốt không? dành cho da gì?,3
hạn sử dụng của mặt nạ giấy? dùng mặt nạ hết hạn có sao không?,3
"1500+ stt hay về con cái, sâu sắc bạn nên đọc một lần trong đời",7
gôm xịt tóc là gì? 10 sản phẩm được ưa chuộng nhất,3
review top 11 toner cho da khô dưỡng ẩm đáng mua nhất,3
top điều hòa panasonic 9000 btu tiết kiệm điện nhất 2024,4
gợi ý top 10 máy xông hơi mặt mini tốt nhất hiện nay 2024,3
hướng dẫn cách mở tài khoản techcombank theo số điện thoại chi tiết,6
lễ vu lan báo hiếu là ngày nào? nguồn gốc và ý nghĩa của ngày lễ vu lan,7
top 10 sữa dành cho trẻ sinh non thiếu tháng tốt nhất 2024,5
review kem chống nắng eucerin oil control dry touch sun gel cream,3
review 4 loại nước hoa hồng rau má được yêu thích nhất,3
"top 7 cách giảm mỡ bụng bằng chanh nhanh chóng, an toàn, tại nhà",7
[2024] tổng hợp top 10 mẫu máy khoan pin đáng mua nhất hiện nay,7
4 địa danh không thể bỏ lỡ khi du lịch ba thê-an giang,7
10 cách búi tóc củ tỏi đơn giản cho nàng xinh như hotgirl,7
review thực dầu tẩy trang innisfree apple seed cleansing oil,3
lãi suất và hạn mức thẻ tín dụng tpbank evo là bao nhiêu?,6
review 3 bộ son lemonade mới nhất lên màu có đẹp không?,3
review top 4 kem chống nắng beplain bán chạy nhất 2024,3
các loại nước yến sào tốt nhất đang được ưa chuộng,1
top 10 nồi cơm điện dưới 1 triệu đáng đồng tiền bát gạo nhất,4
kem trị nám myda-b thái lan có tốt không? có phải kem trộn không?,3
viên uống đẹp da có tốt không? top 12 loại viên uống làm đẹp da tốt nhất,3
review kệ chữ a cho bé có tốt không? có đáng mua không?,5
review muối tắm tẩy tế bào chết watsons có tốt không? giá bao nhiêu?,3
"một năm có bao nhiêu tuần, ngày, giờ, phút, giây? [chính xác 100%]",7
xếp hạng chi tiết tất cả các trái ác quỷ trong blox fruit 2024,0
khám phá những tính năng trên điều hòa nhiều bạn chưa biết dùng,7
top 10 dầu massage cho bé tốt nhất được các mẹ tin dùng 2024,5
cập nhật giá trái ác quỷ trong blox fruit mới nhất 2024,0
tổng hợp 7 món ngon từ mận thơm ngon dễ làm cho mùa hè,7
review top 10+ sữa bột pha sẵn cho bé 1 tuổi trở lên tốt nhất hiện nay,5
"888+ stt, những câu nói hay về vợ chồng hạnh phúc, bền chặt",7
cặp học sinh cấp 1 chọn sao cho đúng? bố mẹ lưu ý ngay kẻo muộn,7
nên mua máy hút sữa loại nào tốt và nhiều người tin dùng?,5
review máy hâm sữa fatz mono 6 - fatzbaby fb3001tn,5
tổng đài ngân hàng bản việt – số điện thoại hotline cskh 24/24 toàn quốc,7
"100g, 1 quả ổi bao nhiêu calo? ăn nhiều ổi tăng cân hay giảm cân?",7
"chính sách bảo hành của shopee, những sản phẩm được bảo hành trên shopee",7
top 10+ thực đơn cho mẹ sau sinh nhiều sữa mà không tăng cân,7
"top 30+ mẫu tóc ngắn layer đẹp, cá tính, thời thượng nhất 2024",7
review 2 sữa rửa mặt emmié cho da gì? hiệu quả tốt không?,3
top 10 loại nước hoa hồng dành cho da nhạy cảm tốt nhất,3
top 10 loại nước hoa khô được yêu thích nhất hiện nay,3
hướng dẫn cách tạo dáng chụp ảnh tự sướng đẹp thu hút triệu like,7
dermarium liquid amber - có phải giải pháp cho da dầu mụn?,3
đánh giá top 6 loại gối cao su non cho bé tốt nhất,5
toàn bộ code huyết ảnh song sinh mới nhất 08/2024,7
cà rốt bao nhiêu calo? ăn cà rốt tăng cân hay giảm cân?,3
những mẫu kính cận đẹp cho nam dẫn đầu xu hướng,3
full code zingspeed mobile cập nhật mới nhất 08/2024,0
"có nên dùng hộp nhựa đựng thức ăn không? top hộp nhựa tốt, an toàn nhất",4
review top 10+ chậu tắm cho bé sơ sinh tốt an toàn 2024,5
serum balance có tốt không? đánh giá các dòng serum bán chạy nhất balance,3
cách mua tivi trả góp điện máy xanh lãi suất 0% chỉ với cmnd/cccd,7
cập nhật full code a one piece game mới nhất 08/2024,0
ăn nói xà lơ là gì trên facebook? nguồn gốc của cụm từ này?,7
top 10+ web đọc sách online free hay nhất dành cho mọt sách,7
top 10+ các shop bán đồ ulzzang trên shopee không thể bỏ qua,7
"cách bao sái bàn thờ, rút tỉa chân nhang cuối năm không lo bị phạm",7
"tổng hợp các tên tiktok hay, thú vị và độc lạ nhất năm 2024",7
review top 6 bột ăn dặm mặn nào ngon và tốt nhất cho bé?,5
bisaya là gì? sự thật về nguồn gốc của hanni (newjeans)?,7
review sữa nan organic có tốt không? có mấy loại? cách pha?,5
"tất tần tật cách chế tạo, các loại mồi câu cá genshin impact...",0
review 6 loại sữa tắm khô cho mẹ sau sinh tốt nhất 2024,5
review nồi nấu cháo chậm fatz có thật sự tốt như lời đồn?,4
review top 10 thỏi son môi cho bà bầu đẹp mà an toàn 2024,3
mục tiêu là gì? mục tiêu và mục đích khác nhau như thế nào?,7
dầu gội pantene có tốt không? tư vấn chọn loại phù hợp,3
phanh xích lô là gì? nguồn gốc và ý nghĩa của cụm từ này,7
cẩm nang du lịch đà nẵng từ a đến z bạn cần biết trước khi xách balo lên đi,7
top sản phẩm trị mụn some by mi giá bình dân được yêu thích nhất 2024,3
top 10 sách hay cho lứa tuổi tiểu học bổ ích phụ huynh nên chọn cho con,7
sku là gì? sku sản phẩm là gì? sku có tác dụng gì trong quản lý kho hàng,7
yamete kudasai nghĩa là gì? nghĩa của i cư kimochi yamete trong tiếng nhật?,7
app chụp ảnh film là gì? top 10+ app chụp ảnh màu film đẹp nhất,7
locket là gì? vì sao locket gây sốt cộng đồng gen z,7
review son merzy m11 là màu gì mà khiến các cô gái mê mẩn?,3
[hà nội] 20 địa chỉ ăn bún chả ngon nức lòng người hà nội,1
lineabon k2 d3 uống vào thời điểm nào: có nên cho bé uống vào buổi sáng?,5
những điều quan trọng cần biết khi chơi hòn non bộ phong thủy,7
"tết ông công ông táo 2024 là ngày bao nhiêu dương lịch, âm lịch?",7
review mặt nạ ngủ neutrogena 3d hydro boot overnight cấp ẩm,3
benzoyl peroxide là gì? liệu có đúng là vị cứu tinh cho làn da mụn?,3
top sản phẩm dettol bảo vệ sức khỏe mùa dịch bán chạy nhất,3
hướng dẫn chi tiết cách tra cứu mã số thuế doanh nghiệp,6
top 10 các thương hiệu đồ lót nữ nổi tiếng tại việt nam và thế giới,3
top 10 kem chống nắng phổ rộng được yêu thích nhất hiện nay,3
gợi ý top 99+ game y8 hay nhất mà bạn không thể bỏ qua,0
hướng dẫn chơi game go go match lazada nhận xu cực hot,2
"xưởng may túi giữ nhiệt, sản xuất túi giữ nhiệt theo yêu cầu tại tphcm",7
mụn viêm là gì? cách điều trị mụn viêm sưng hiệu quả,3
top mỹ phẩm esunvy chăm da luôn tươi trẻ qua mùa đông khô lạnh,3
hướng dẫn cách chọn bạn bè & cách đập nhà trong coin master,0
top 12 thương hiệu chính hãng giảm 50% lazada 12.12 không thể bỏ qua,7
top 10 sản phẩm dầu ủ tóc phục hồi hư tổn tốt nhất,3
cushion cho da mụn là gì? top 10 loại được yêu thích nhất,3
"top 10 cuốn sách cho trẻ 12 tuổi hay, bổ ích nhất nên đọc",7
review mỹ phẩm cosrx và top những sản phẩm tốt nhất nên dùng,3
chỉ số ppd là gì? nên chọn ppd trong kem chống nắng bao nhiêu?,3
review các loại bàn chải điện oral b có tốt không?,3
túi bỉm sữa là gì? gợi ý 10 sản phẩm tiện lợi cho mẹ và bé,5
"1001 cap, stt may mắn trong cuộc sống, công việc hay ý nghĩa",7
chẩn đoán hay chuẩn đoán? từ nào là từ được dùng đúng?,7
"review bỉm huggies của nước nào, có tốt không, có mấy loại?",5
"7 bài văn mẫu tóm tắt văn bản lão hạc hay, súc tích",7
"review son bobbi brown crushed liquid lip: đơn giản, sang trọng & lên màu tuyệt đẹp",3
top 10 kẹp bấm mi tốt nhất được các chị em lựa chọn,3
hộp đựng sữa bột là gì? top 8 sản phẩm tốt cho bé mẹ nên mua,5
bỉm goodry có tốt không? giá bao nhiêu? có nên mua cho bé?,5
review b5 the ordinary hyaluronic acid 2% có tốt không?,3
nên mua bộ phát wifi 4g nào? top 5 cục phát wifi 4g tốt nhất hiện nay,0
top 10 mặt nạ ngọc trai tốt nhất 2024 không nên bỏ qua,3
review kem dưỡng bioderma tím cicabio creme phục hồi da có tốt không?,3
top khách sạn đẹp ở sapa giá rẻ dưới 2 triệu cho tết dương lịch [chắc chắn còn phòng],7
quạt cây loại nào tốt? top 15+ quạt tốt nhất nên mua,4
top 15+ món ăn sáng cho bé 1 tuổi mẹ làm siêu nhanh,5
gợi ý top mẫu nail móng nhọn cực sang chảnh cho nàng,7
đánh giá kem trị mụn sakura có tốt không? giá như nào? đia chỉ mua hàng chính hãng,3
deal là gì? deal lương là gì? những ý nghĩa của từ deal trong cuộc sống,7
mbbank online là gì? cách đăng ký mbbank online chỉ vài bước đơn giản,6
review mặt nạ sexylook có tốt không? nên dùng loại nào?,3
hướng dẫn chi tiết cách sử dụng 3gang cho người mới dùng từ a-z,6
top 10 quạt treo tường senko giá rẻ tiết kiệm điện nhất hiện nay,4
những hiện tượng sau khi peel da và cách khắc phục nhanh,3
top 40+ món quà mừng thọ ý nghĩa nhất dành cho ông bà cha mẹ,7
30/4 là ngày gì? nguồn gốc và ý nghĩa lịch sử ngày 30/4,7
"[chuẩn] sạo hay xạo: từ nào đúng chính tả, cách dùng?",7
review top 9 kem chống nắng dưỡng trắng da mặt bán chạy nhất,3
đánh giá top 5 kem chống nắng anessa cho da khô cấp ẩm tốt nhất,3
"cách sử dụng và bảo quản nồi tráng men hiệu quả, bền đẹp và an toàn",7
kinh nghiệm du lịch cát bà - những điểm du lịch đẹp nhất cát bà,7
spa chăm sóc da có thực sự tốt? kinh nghiệm và địa chỉ spa uy tín,7
danh sách các bài hát trong blackpink và concert born pink,7
review vitamin c estee lauder perfectionist pro rapid brightening có đáng đầu tư?,3
review top 8 loại sữa nào giúp bé tăng cân và chiều cao tốt?,5
review sữa grow plus vàng (sữa non nutifood) có tốt không?,5
bật mí bản tin săn sale shopee 25/4 cực hot!!! săn mã ngay!!!,7
"tổng hợp 7749 stt nắm tay, caption đăng ảnh nắm tay siêu hay",7
top 6 loại gối cho bé 1 tuổi được mẹ bỉm tin dùng nhiều nhất,5
những câu đố khó hack não thách thức cả người iq cao (có đáp án),7
hướng dẫn làm bài văn miêu tả một con vật mà em yêu thích,7
hướng dẫn sao kê online vietcombank đơn giản trong 3 phút,7
review top 7 máy hút ẩm gia đình nào tốt nhất hiện nay?,4
review top 10 máy nướng bánh mì sandwich tốt nhất 2024,4
kem chống nắng spf 50 giữ được bao lâu trên da? top sản phẩm tốt nhất,3
kinh nghiệm trị bệnh táo bón cho trẻ sơ sinh bằng rau diếp cá của mẹ bỉm sữa,7
dùng thuốc giảm cân an toàn hiệu quả nhất định phải đọc bài viết này,3
đòn bẩy tài chính là gì? cách tính và sử dụng như thế nào?,6
review top 10 loại sữa chua các loại ngon nhất hiện nay,5
review miếng dán mụn lanbena có tốt và hiệu quả như lời đồn?,3
top 5 dung dịch vệ sinh cho bé tốt nhất được các mẹ tin dùng,5
"review top 4 kem chống nắng make prem tốt, đáng mua nhất 2024",3
son lì l'oreal là gì? gợi ý 20 thỏi son được yêu thích nhất hiện nay,3
top 9 ngân hàng cho vay theo lương có lãi suất thấp nhất,6
review kem triluma trị nám cực hot có tốt thật không?,3
em bé mấy tháng được đi máy bay? một số lưu ý quan trọng,7
mid year lazada 2020: sale hè rực rỡ giảm giá khủng 90%,7
van một chiều là gì? phân loại van nước một chiều tốt nhất hiện nay,7
trứng vịt lộn bao nhiêu calo? ăn nhiều trứng vịt lộn có tốt không?,7
viên uống bảo xuân có trị nám không? những ai nên dùng?,3
uniqlo của nước nào? thông tin cần biết về thương hiệu uniqlo,7
review kem lót klavuu có tốt không? có bao nhiêu loại?,3
review top 10 chai xịt dưỡng tóc thơm lâu tốt nhất cho bạn,3
"cách nấu thực đơn ăn dặm cho bé 8 tháng tuổi nhẹ cân, biếng ăn",5
nổ lực hay nỗ lực? từ nào là từ viết đúng chính tả?,7
"xem tuổi xông đất, xông nhà năm 2024 cho gia chủ tuổi thìn cả năm phát tài",7
tổng hợp mẹo cách chơi coin master nhiều spin cho người mới,0
hoàn xu xtra shopee là gì? bạn đã biết cách tận dụng những ưu đãi của gói này chưa?,7
đánh giá top 2 cây chì kẻ mày innisfree được yêu thích nhất,3
review top 10 tinh dầu dưỡng tóc nam chất lượng nhất hiện nay,3
thương hiệu thời trang sixdo có tốt không? giá bao nhiêu?,8
top 3 truyện tranh ngôn tình hay nhất bạn không nên bỏ lỡ,7
thương hiệu electrolux và 15 sản phẩm bán chạy nhất trên thị trường,8
chốt deal nồi chiên không dầu lock&lock lazada 11.11 trổ tài master chef,4
"review top 5 bếp gas đơn an toàn, đáng mua nhất 2024",4
review top 5 lò vi sóng samsung bán chạy nhất năm 2024,4
review về yến sào nam dược: các giá trị đối với sức khỏe của yến sào nam dược,3
review sữa rửa mặt cleansing gel dr baumann có tốt không?,3
9 thành phần kem chống nắng (màng lọc) có lợi và có hại cho da mặt,3
bôi kem dưỡng ẩm bao lâu thì rửa mặt? có cần phải rửa không?,3
bruh (bủh) là gì? có ý nghĩa gì khi dùng trên mạng xã hội?,7
top 7 kem chống nắng cho bà bầu tốt và an toàn nhất hiện nay,3
bột cần tây có tốt không? cách dùng & loại nào tốt?,3
gợi ý lắp camera gia đình nên dùng loại nào tốt nhất?,4
"100+ lời tự chúc sinh nhật bản thân ý nghĩa, theo độ tuổi",7
sữa yoko gold 2 - giải pháp hoàn hảo cho bé thông minh hơn,5
review chi tiết về nước rửa chén bát tero sinh học có tốt không? có dùng được cho chén bát trẻ em không?,4
top 15+ món quà sinh nhật cho bé gái 5 tuổi thiết thực nhất,5
"1001+ stt tháng 2, chào tháng 2, những câu nói hay về tháng 2",7
đánh giá mặt nạ môi laneige có tốt không? cách sử dụng mặt nạ môi,3
review sữa rửa mặt senka hồng perfect whip collagen có tốt không?,3
[cập nhật] full code giang hồ bát phái mới nhất 2024,0
chia sẻ thực đơn giảm cân bằng hoa quả trong 7 ngày - giảm ngay 5kg,3
full code legends of speed cập nhật mới nhất 08/2024,0
hướng dẫn các cách ủ tóc bằng nha đam cực đơn ngay tại nhà,7
kinh nghiệm du lịch tự túc hà giang 3n2đ siêu tiết kiệm cho hội mê khám phá,7
top 8 kem trị chàm sữa cho bé được các mẹ bỉm tin dùng nhất,5
review kem dưỡng innisfree green tea seed mẫu mới tốt không?,3
khuyến mãi là gì? khuyến mãi và khuyến mại có gì khác nhau?,7
stt yêu thương ngọt ngào khiến trái tim đối phương thổn thức,7
review top 7 bột ăn dặm cho bé tốt nhất thơm ngon-dinh dưỡng,5
che giấu hay che dấu? đâu mới là từ đúng chính tả,7
review gel dưỡng môi palmer’s cocoa butter formula dark chocolate lip butter,3
"số tổng đài mbbank- hotline cskh 24/7 nhanh, miễn phí",7
hướng dẫn cách nói chuyện với chị google dễ dàng nhất,7
wags là gì? wags có gì quan trọng trong bóng đá? những nàng wags hot nhất hiện nay,7
ủ tóc tsubaki - sản phẩm chăm sóc tóc chuyên sâu cho phái nữ,3
hướng dẫn cách bảo quản rau trong tủ lạnh hiệu quả,7
giải đáp: đặt vé máy bay qua traveloka có uy tín không?,7
full code học viện mega mới nhất 08/2024 và cách nhập,0
top 10 kem trị thâm mắt hiệu quả nhất hiện nay nên dùng,3
hướng dẫn cách sử dụng retinol cho người mới bắt đầu chuẩn nhất!,3
"gợi ý 20+ món quà đầy tháng tặng bé yêu thiết thực, ý nghĩa",7
ngân hàng nào chuyển tiền không mất phí và dịch vụ tốt,6
review xà phòng trị mụn lưng for back medicated soap có thực sự hiệu quả?,5
"lễ vu lan là ngày nào, thứ mấy năm 2024? ngày vu lan báo hiếu là gì?",7
"bbi là gì? giải mã bbi có nghĩa như thế nào trên facebook, tiktok...",7
review kem trị mụn la roche posay effaclar duo+ có tốt không?,3
"top 5 mẫu kịch bản chương trình 20.11 hay, ấn tượng nhất 2024",7
reviews biogenic retinol twins skin có thực sự tốt như lời đồn,3
review phấn phủ bạc mochi cho tóc có tốt không? cách sử dụng?,3
mụn đầu đen để lâu có sao không? có tự hết được không?,3
"1500+ stt đám cưới ngắn gọn, stt đăng ảnh cưới ý nghĩa nhất",7
serum svr có tốt không? top 4 sản phẩm được yêu thích nhất 2024,3
đặt tên con trai họ phạm 2024 hay và hợp phong thủy,5
review kem dưỡng kiehl's ultra facial cream cấp ẩm và phục hồi da,3
hướng dẫn cách phân biệt tắm gội pigeon 2 trong 1 thật giả,3
"gợi ý 30+ mâm cơm đãi khách ngon, chi phí tiết kiệm nhất",1
da bị break out khi dùng các sản phẩm treatment nên làm gì?,3
đánh giá bình giữ nhiệt la fonte có tốt không? mua ở đâu?,4
cách check in online vietjet nhanh và tiện nhất 2024,7
nên mua máy ép chậm nào? gợi ý top sản phẩm nên mua 2024,4
mì cay bao nhiêu calo? ăn mì cay có tốt không? có tăng cân không?,7
"quạt trần đèn là gì? đánh giá top sản phẩm tốt, giá thành rẻ nhất",4
cốc nguyệt san sibell có tốt không? cách sử dụng như thế nào?,3
"cập nhật 2024: hạn mức chuyển tiền mbbank đầy đủ, chính xác nhất",6
chia sẻ kinh nghiệm 3 ngày 2 đêm du lịch măng đen tự túc,7
cập nhật code kỳ nữ hoàng cung 2 mới nhất 08/2024,0
review kem dưỡng da tay kamill của đức có đáng dùng không?,3
top 10 sữa tắm việt nam được yêu thích nhất hiện nay,3
review sữa rửa mặt hatomugi màu xanh cho da gì? có tốt không?,3
review tẩy tế bào chết body dove exfoliating body polish có thực sự tốt không?,3
rằm tháng 7 có nên ra mộ thắp hương không? nên đi lúc nào? lễ cũng ra sao?,7
"đầu số 024 là mạng gì? mã vùng 024 ở đâu, thuộc tỉnh nào",7
đũa tập ăn là gì? gợi ý top 5 đũa cho bé tập ăn mẹ nên mua,5
"gợi ý top 10 nôi em bé đươc yêu thích, đáng dùng nhất 2024",5
"top 99+ thiệp valentine 2024 đẹp, ngọt ngào tặng người yêu",7
"top 15 thực phẩm giàu canxi phát triển chiều cao, phòng ngừa loãng xương",3
đánh giá: có nên mua hàng đổi trả điện máy xanh không?,7
giải thích ý nghĩa sụm nụ là gì? mà hot rần rần trên mạng xã hội,7
top 10 nước hoa hồng cho da hỗn hợp được chị em ưa chuộng nhất,3
kinh nghiệm mua đồ sơ sinh đầy đủ mà vẫn tiết kiệm,5
hướng dẫn mua hàng và thanh toán trực tuyến trên fptshop.com.vn,0
review cao nám magic skin có tốt không? có phải là kem trộn?,3
review chi tiết toner svr cho da dầu sebiaclear micro peel,3
gợi ý 7+ thực đơn giảm cân với khoai lang hiệu quả nhất,1
tết thanh minh là gì? tết thanh minh 2024 vào ngày nào?,7
"top 100+ caption, stt tết thả thính 2024 hài hước, bá đạo triệu like",7
hướng dẫn cách lấy lại mật khẩu zalo trên điện thoại,7
cái nịt là gì? ý nghĩa và nguồn gốc của cụm từ còn cái nịt.,7
review 3 loại kem chống nắng skin aqua cho da dầu tốt nhất?,3
ấm sắc thuốc bắc là gì? top 7 ấm sắc thuốc tốt nhất nên mua,4
dầu gội cặp loại nào tốt? top sản phẩm đáng mua nhất 2024,3
số tổng đài momo 24/7 mới nhất - hotline cskh 1900.54 54 41,7
sữa bầu meiji có tốt không? kinh nghiệm mua sữa khi mang thai,5
bảng calo thực phẩm trong các loại thực phẩm thiết yếu,7
"lazada 4.4: voucher tích luỹ 400k, voucher 44k, freeship",2
phí mở thẻ techcombank? mở thẻ atm của tcb mất phí không?,6
top 10 nồi cơm điện tốt nhất của panasonic được chị em nội trợ yêu thích,4
cơm gà xối mỡ bao nhiêu calo? ăn nhiều có tăng cân không?,7
cách làm affiliate tiktok cho người mới dễ kiếm tiền,7
review phấn phủ sace lady có tốt không? của nước nào?,3
review kem chống nắng innisfree hồng mẫu mới tốt không? cho da gì?,3
chần chừ là gì? chần chừ hay trần trừ từ nào đúng chính tả,7
"review bình sữa avent cho trẻ sơ sinh? bình avent 125ml, 260ml, 330ml",5
note ngay 8 cách chế biến món ngon từ ốc móng tay dễ làm,1
voucher là gì? bật mí những điều cần nhớ khi áp dụng voucher để mua hàng online,7
review top 8 cốc nguyệt san loại nào tốt và an toàn nhất,3
tháng 5 cung gì? những đặc điểm nổi bật của người sinh tháng 5,7
it là gì? ngành it làm gì? ở đâu? lương có cao không,7
tác hại của mật ong đối với sức khỏe nếu không sử dụng đúng cách,7
top 12 deals hot từ lixibox khuyến mãi sinh nhật lazada 27/3,3
học phí ila là bao nhiêu? cập nhật bảng giá các khóa học,7
review mặt nạ ngủ vichy có tốt không? cách dùng thế nào?,3
hướng dẫn các cách nhắn tin trên tiktok shop nhanh chóng,7
"1001+ những câu nói hay về trang sức, stt trang sức ấn tượng",7
review tất tần tật về kem dưỡng trắng dhc lx-me whitening gel,3
ngày 6/4 là ngày gì? tại sao có ngày này? gợi ý quà tặng độc,7
giá vé công viên rồng dragon park 2024 mới nhất dành cho bạn,7
"10 cách lưu video trên youtube nhanh chóng, đơn giản",7
những câu nói hay về nhân cách sống thâm thúy càng ngẫm càng đúng,7
top 10 kem nền che khuyết điểm các tín đồ làm đẹp yêu thích nhất hiện nay,3
review serum vitamin c garnier có tốt không? dùng cho da gì?,3
nguyên nhân gây mụn? cách trị mụn tuổi dậy thì hiệu quả,3
sữa tươi nào tốt cho bé? top 10 loại sữa chất lượng nên mua,5
"top 10 serum ha b5 cấp ẩm, phục hồi hiệu quả nhất 2024",3
tất tần tật về thương hiệu image skincare đình đám: top 3 sản phẩm bán chạy nhất,3
đánh giá thực tế chuột logitech g304 không dây có tốt không?,0
"đánh giá kem dầu ngựa guerisson 9-complex: dưỡng ẩm tốt, da căng mọng",3
top 5 máy xay cầm tay philips bán chạy nhất hiện nay,5
review kem dưỡng svr sebiaclear active cho da mụn có tốt không?,3
"99+ cap thả thính không dấu, stt thả thính đốn tim crush",7
review các mẫu xe đẩy mastela cho bé: loại nào tốt nhất?,5
bài cúng đầy tháng cho bé gái và ý nghĩa của việc cúng đầy tháng,7
"review kem dưỡng bor-tox medi-peel có hiệu quả nâng cơ, chống lão hóa?",3
review martiderm dsp bright có đáng để đầu tư không?,3
review top 10+ kem chống nắng không cồn được yêu thích nhất,3
hướng dẫn cách giải phương trình bậc 2 & định lý viet,7
còn bao nhiêu ngày nữa đến noel 2024? đếm ngược đến giáng sinh,7
c15 là khối gì? các trường nào có khối c15 ở hà nội?,7
"hướng dẫn 6+ cách làm kem dưa hấu tại nhà đơn giản, thơm ngon",7
"1500+ stt bán hàng hay, những câu nói thu hút khách hàng gây ấn tượng",7
một số cách trị nám tại nhà đang được nhiều chị em lựa chọn,3
cách mua hàng trả góp shopee như nào? những lưu ý khi mua trả góp,7
"top 999+ câu thơ, bài thơ về mẹ hay, ý nghĩa và cảm động nhất 2024",7
sữa pediasure có mấy loại? nên chọn sữa loại nào cho bé?,5
hướng dẫn chi tiết cách đăng video tiktok đơn giản nhanh nhất có thể,7
top 10+ dầu gội trị rụng tóc hiệu quả nhất hiện nay,3
danh sách code kiến vương 3q mới nhất 08/2024,7
số thực là gì? bao gồm những số nào? các dạng toán số thực?,7
"999+ stt tháng 4 hay nhức nhối, chào tháng mới yêu thương",7
15minutes4me là gì? cách dùng app test stress bằng tiếng việt,7
trojan là gì? cách nhận biết và phòng tránh trojan hiệu quả,0
"mua máy làm bánh mì nào tốt giữa panasonic, zojirushi, tiross, donlim...",4
cập nhật số tổng đài điện máy chợ lớn mới nhất 2024,7
châu á có bao nhiêu đới khí hậu? đặc điểm của khí hậu châu á,7
200+ những câu nói hay về tình bạn tri kỷ ý nghĩa nhất,7
hướng dẫn chơi game lazzie star lazada nhận quà tới 930k,7
review dòng toner caryophy hot hit bậc nhất hiện nay không nên bỏ lỡ,3
top 7 viên uống collagen nhật bản bán chạy nhất năm 2024,3
review kem chống nắng uv barrier tone up có tốt không?,3
review top 3 phấn má nars khiến hội mê làm đẹp chao đảo,3
viên uống vitamin c dhc có tốt không? hiệu quả sáng da thế nào?,3
valentine vào ngày nào? có mấy ngày valentine? ý nghĩa của ngày valentine?,7
review bình sữa dr brown's cổ hẹp và cổ rộng có tốt không?,5
roblox: full code demon soul mới nhất 08/2024 và cách nhập,0
review top 7 máy giặt sấy tốt nhất trên thị trường 2024,4
cách cúng khai trương buôn bán đầu năm giúp tài lộc đủ đầy,7
review top 10 sản phẩm peel da trị nám tốt nhất hiện nay,3
"top 10 dầu gội tốt nhất cho nam, nữ chăm sóc tóc hiệu quả",3
"999+ stt buồn ngắn, tus tâm trạng về tình yêu cuộc sống hay nhất 2024",7
toàn bộ code tuyệt đại kiếm vương mới nhất 08/2024,7
"bộ code tam quốc x 08/2024 mới nhất, đầy đủ nhất",0
"100+ stt cầu hôn ngọt ngào, lãng mạn, tan chảy nửa kia",7
"bật mí 11 cách trị mụn tại nhà bằng nguyên liệu tự nhiên, an toàn, hiệu quả",3
hàu làm món gì ngon? top 10 những món ăn ngon từ hàu sữa,1
thảm nhạc là gì? đánh giá top 8 thảm nhạc cho bé tốt nhất 2024,5
review máy sưởi bear có tốt không? chọn loại đứng hay treo?,4
review top 3 sản phẩm alpha arbutin thái lan: nên dùng loại nào?,3
top 10 nước hoa cho bé được ưa chuộng nhất,3
top 4 lăn khử mùi romano thơm nhất dành cho phái mạnh,3
cùi dừa bao nhiêu calo? ăn cùi dừa có tốt không? có tăng cân không?,7
mỹ phẩm the face shop có tốt không? đánh giá top 10 sản phẩm bán chạy nhất,3
review viên uống đẹp da sâm tố nữ pure collagen có tác dụng là gì? tốt không?,3
review top 10+ bánh gạo ăn dặm cho bé nhiều hương vị nên mua,5
bí kíp ăn dặm kiểu nhật mẹ nào cũng nên biết,5
hyaluronic acid là gì? top 5 mỹ phẩm hyaluronic acid tốt nhất?,3
tổng hợp địa chỉ các chi nhánh vpbank hà nội mới nhất 2024,6
review top 8 kem tái tạo da tốt nhất chị em nên biết,3
danh sách các từ bị cấm trên tiktok shop mà bạn cần nắm rõ,7
top 10 kem trị thâm nách tốt nhất hiện nay,3
một ngày nên tẩy trang mấy lần? tẩy trang thời điểm nào?,3
tổng hợp các cách cách đánh số trang trong word [new],7
top 7 phấn nền cho da dầu giảm bóng nhờn tốt nhất hiện nay,3
cách bảo quản ớt tươi? những cách bảo quản ớt tươi hiệu quả.,1
các đầu số điện thoại lừa đảo không nên nghe bạn cần chú ý,7
cách đánh giá shop trên shopee sản phẩm trên shopee để nhận shopee xu,2
"stt yêu đời, vui tươi sẽ giúp bạn yêu bản thân và cuộc sống",7
"hướng dẫn 5 cách kẻ mắt đơn giản, tự nhiên cho người mới",3
review học tiếng anh 1 kèm 1 online cho trẻ em ở đâu tốt?,7
lực hấp dẫn là gì? trọng lực là gì? đặc điểm và ví dụ minh họa.,7
có nên đắp mặt nạ ngủ qua đêm? dùng như thế nào?,3
review bỉm jo của nước nào? có tốt không? giá bao nhiêu?,5
tổng đài viettelpay - hotline cskh viettelpay miễn phí 24/7,7
review top 2 dòng kem chống nắng 9wishes tốt nhất 2024,3
"top 8 tủ sấy quần áo tốt nhất, giá rẻ bán chạy năm 2024",4
review top 2 kem dưỡng da tay vaseline được yêu thích nhất,3
review top 5 sữa tăng chiều cao cho bé dưới 1 tuổi tốt nhất,5
review serum b5 la roche posay có đáng để đầu tư hay không?,3
review thực tế 3 phấn nước glamrr q độ che phủ tốt không?,3
danh sách top 10 trường trung học phổ tốt tốt nhất nghệ an,7
bộ sưu tập những mẫu tranh tô màu con chó đễ nhất cho bé,7
đỉnh phong tam quốc 2: game nhập vai hành động 3d đỉnh cao,0
"20+ cách làm trắng răng tại nhà nhanh chóng, hiệu quả nhất",3
top 3 trung tâm sửa điện thoại uy tín ở bà rịa vũng tàu,0
bột nở - baking powder là gì? khác gì với baking soda,7
các bài hát về trung thu phổ biến nhất ở việt nam,7
10 cách chụp màn hình macbook nhanh chóng nhất,7
"cờ lê, mỏ lết là gì? khám phá công dụng khác nhau của chúng trong từng trường hợp",4
"top 7 vay tiền bằng cmnd và thẻ atm uy tín, lãi suất thấp nhất",6
review innisfree jeju cherry blossom skin fit tone up cream,3
review top 5 đồng hồ định vị trẻ em viettel mykid tốt nhất,5
"stt về ngành xây dựng, cap thả thính ngành xây dựng cực chất",7
chia sẻ cách trị tóc bết dứt điểm cực hiệu quả ngay tại nhà,3
hướng dẫn tẩy trang đúng cách cho người không trang điểm,3
top 10 cuốn sách kỹ năng sống cho trẻ em hay và bổ ích nhất,7
review dầu gội sunsilk bồ kết có tốt không? có tác dụng gì?,3
"top 9+ sữa non cho người lớn tốt, giá thành hợp lý nhất 2024",3
aha là gì? top serum aha được săn đón nhiều nhất hiện nay,3
"tổng hợp code cat piece mới nhất 08/2024, đầy đủ",0
bình rửa mũi cho bé có tốt không? đánh giá 8 loại bình rửa mũi được tin dùng nhất,5
cẩm nang mang thai: thai nhi 28 tuần tuổi,5
top 7 viên uống trị nám chân sâu hiệu quả nhất hiện nay,3
bấn là gì? ý nghĩa của từ bấn dùng trên mạng xã hội,7
top 100 mẫu cửa gỗ 2 cánh đẹp 2024 không nên bỏ lỡ,7
top 10+ serum giá bình dân được ưa chuộng nhất 2024,3
top 5 loại ngũ cốc cho bé giàu dinh dưỡng nhất mà mẹ nên mua,5
kinh nghiệm du lịch tự túc tại pattaya - thành phổ biển hot nhất thái lan,7
đánh giá bình sữa wesser có tốt không? giá bao nhiêu? có nên mua không?,5
tặng quà gì cho bạn trai mới quen để gây ấn tượng tốt nhất,7
top 3 app vay theo sim viettel được tin dùng nhất năm 2024,6
cập nhật full code tam quốc chess mới nhất 08/2024,0
là bố mẹ nếu không biết thông tin này tốt nhất đừng đặt bỉm sữa online cho bé,5
top 20 sách kinh tế - kinh doanh hay nhất mọi thời đại nên đọc 2024,7
vàng ý là gì? giá vàng ý bao nhiêu? có nên mua vàng ý hay không?,6
"tổng hợp 10 bộ đồ sau sinh vừa đẹp, vừa tiện cho các mẹ",5
"review top 7 tẩy tế bào chết aha hiệu quả, tốt nhất hiện nay",3
review top 10 hãng mũ bảo hiểm tốt và bền nhất 2024,7
"hướng dẫn bí quyết, cách nấu chè thập cẩm ngon, đẹp mắt vạn người mê",7
đọt choại là gì? có độc không? có ăn được không? chế biến như nào?,1
vay tiền bằng hộ chiếu có an toàn không? có phải là lừa đảo không?,6
"phân biệt các loại bột mì làm bánh thông dụng như số 8, số 11, số 13...",7
review son bbia màu 36 là màu gì? da ngăm dùng có đẹp không?,3
"inch là gì? bảng quy đổi inch sang cm, mm, m nhanh, chính xác",7
"full bảng màu son dưỡng dior chính hãng mới nhất, đẹp nhất 2024",3
florentino là gì? mày là ai tao là florentino tại sao thành trend nổi?,7
"top 3 địa chỉ vay 50 triệu nhanh, lãi suất thấp, uy tín nhất",6
"review top 10 quạt sưởi làm ấm nhanh, tiết kiệm điện tốt nhất 2024",4
thuốc tránh thai diane 35 có gây nám da không? dùng ra sao?,3
ruany là số điện thoại gì? cẩn thận khỏi chiêu thức lừa đảo!,7
"full bộ code 3q legend 08/2024 cập nhật mới, đầy đủ",0
gợi ý top 9 game giống coin master cực cháy cho game thủ,7
[review] serum klairs midnight phục hồi da có tốt? có nên mua không?,3
cozmo lừa đảo? app vay tiền uy tín hay hút máu người vay?,6
top 10+ mẫu áo khoác nam đẹp 2024 thịnh hành nhất định phải có,7
"gợi ý top cushion cho da dầu giúp lớp nền căng mịn, bền màu nhất",3
review top máy hút chân không quần áo tốt nhất nên mua,4
"review kem olay trị nám, tàn nhang tốt không? giá bao nhiêu?",3
reviews máy làm sữa hạt mishio mk160? giá bao nhiêu? mua ở đâu?,4
"top 6 điều hòa casper tiết kiệm điện, giá thành tốt nhất hiện nay",4
top 10 chì kẻ mắt không trôi được chị em tin dùng nhất hiện nay,3
tuesday là gì? cách nhận biết tuesday chính hiệu qua những điều gì,7
20 kiểu tóc layer dài đẹp giúp mọi người thăng hạng nhan sắc,7
[review] tổng hợp các dòng son 3ce đẹp nổi bật nhất năm 2024,3
"cách làm bánh rán bằng bột mì vàng, giòn rụm tại nhà",1
danh sách code monster ghoul miễn phí mới nhất 08/2024,7
zalo là của nước nào? zalo có phải của trung quốc?,7
điểm danh top 8 sữa bột úc cho bé được bán chạy nhất năm 2024,5
review sữa nan pha sẵn optipro có tốt không? có mấy loại?,5
màu nâu trà sữa: top 6 tông tóc được ưa chuộng nhất hiện nay,7
bảng màu son romand milk tea velvet tint: màu nào đẹp nhất?,3
quần áo yody có tốt không? top 10 sản phẩm bán chạy nhất,7
"britain là gì? sự khác nhau giữa uk, britain, great britain",7
"500 câu đố mẹo ngắn gọn, thử thách sự thông minh, có đáp án",7
đánh giá top 10 nhiệt kế điện tử tốt đáng mua nhất,0
bùa ngải là gì? dấu hiệu và cách giải bùa hiệu nghiệm nhất,7
giải nghĩa low key là gì trên mxh? phong cách low key là gì?,7
review top 5 máy rửa bát kocher cho gia đình tốt nhất hiện nay,7
interest rate là gì? hướng dẫn cách tính lãi suất và đơn vị đo lường,6
70++ câu chúc mừng sinh nhật tôi tiếng anh hay và ý nghĩa nhất,7
hóa đơn vat là gì? thuế vat ở việt nam là bao nhiêu năm 2024,6
google bard ai là gì? cách sử dụng? so sánh với chat gpt?,7
thẻ visa debit mbbank là gì? các tiện ích và cách mở thẻ nhanh nhất,6
"top địa chỉ vay tiền online chuyển khoản ngay, uy tín nhất",6
full code ojol the game mới nhất 08/2024 và cách nhập,0
gelatine là gì? cách dùng bột gelatine? gelatine mua ở đâu?,7
nên dùng sáp wax lông nóng hay lạnh? top 7 sáp wax nên mua,3
truyện cổ tích thế tục là gì và top 10 câu chuyện thú vị nhất,7
tinosorb là gì? tinosorb trong kem chống nắng có thật sự tốt?,3
review top 11 phấn má hồng cho nàng khuôn mặt xinh rạng ngời,3
dí là gì? giải nghĩa chi tiết từ dí trong tiếng việt,7
tô phở hạnh phúc 1.000 đồng phục vụ người nghèo ở sài gòn,7
1001+ stt hay khi đăng ảnh trẻ con hút triệu like trên mxh,7
review sữa rửa mặt dermacos anti acnes có tốt cho da dầu mụn như lời đồn?,3
"23/9 cung gì? khám phá tính cách, tình yêu, sự nghiệp 2024",7
geogre soros là ai? sự thật về câu chuyện tại ngân hàng anh,7
review top 7 kem dưỡng trắng da nhật bản đáng mua nhất hiện nay,3
đánh giá top 15 sữa tốt cho bé đáng mua nhất năm 2024,5
top 4 loại nước hoa gucci nam “đắt khách” nhất trong năm 2024,3
thắng dền là gì? cách làm thắng dền đặc sản hà giang ngày se lạnh,7
review top 8 dầu gội không chứa silicon tốt nhất 2024,3
nên mua bếp từ sunhouse nào tốt? top sản phẩm nên mua 2024,4
tháng 4 là cung gì? tháng 4 mệnh gì? đặc điểm tính cách của người sinh tháng 4,7
review top 8 dưỡng tóc hàn quốc tốt nhất 2024 nên mua,3
review top 10 siro ăn ngon cho bé tốt nhất mẹ nên mua,5
review top 3 máy lọc nước mutosi tốt nhất nên mua năm 2024,4
thành phần độc hại trong mỹ phẩm: những gì bạn cần biết,3
rau lủi là gì? hướng dẫn 3 cách chế biến món ngon từ rau lủi,1
top 10 cuốn sách chứng khoán kinh điển cho người mới bắt đầu,7
review bỉm nabizam của nước nào sản xuất? có tốt không?,5
"review top 8+ giấy bọc quà, giấy gói quà đẹp nhất nên mua",7
top 7 sách tiếng anh cho bé 4 tuổi hiệu quả nhất 2024,7
tổng đài ngân hàng woori bank| hotline hỗ trợ cskh miễn phí 24/7,7
review 10 loại kem trị thâm mụn sáng da hiệu quả nhất 2024,3
"top 10 nồi cơm điện toshiba nấu cơm ngon, giá phải chăng",4
đánh giá đâu là súng mạnh nhất blox fruits mới nhất 2024,0
hướng dẫn những cách thắt cà vạt nam phổ biến hiện nay,7
review top 10 loại sữa dành cho trẻ chậm tăng cân tốt nhất,5
toàn bộ code tiếu ngạo gamota miễn phí mới nhất 08/2024,7
full code lục giới phong thần mới nhất 08/2024,0
tiktok là gì? tất tần tật những điều cần biết để hiểu và kiếm từ tiktok,7
"[tổng hợp] hình nền điện thoại cute dễ thương, đáng yêu nhất",7
địa chỉ mua quần áo trẻ em giá rẻ ở hồ chí minh,7
"top 7 mẫu đèn hắt tường đẹp, được yêu thích nhất 2024",4
bói nốt ruồi cho cả nam và nữ dự đoán tương lai chính xác nhất,7
review kem dưỡng ẩm skin1004 madagascar centella cream có tốt không,3
"địa chỉ highlands đà nẵng cập nhật đầy đủ, mới nhất 2024",7
"viên tẩy bồn cầu là gì? top viên tẩy vệ sinh bồn tốt, hiệu quả nhất",4
zip code canada là gì? tổng hợp zip code các thành phố canada,7
chia sẻ kinh nghiệm đặt phòng khách sạn và cách săn giảm giá,7
"1kb bằng bao nhiêu mb, gb, byte, bit? cách quy đổi chuẩn đét",7
các hình thức vay tiền online bạn cần phải biết? có nên vay online?,6
review son dưỡng espoir có thực sự sang-xịn-mịn như lời đồn?,3
review về tủ lạnh hitachi r-wb545pgv2 gbk có thực sự tốt như mong đợi,4
"hướng dẫn cách săn mã freeship 0đ shopee chi tiết, nhanh nhất",2
cà thơi là gì? thuật ngữ mới cho cộng đồng lgbt?,7
những lời chúc thi tốt để bạn tự tin gấp 10 lần cho kỳ thi quan trọng!,7
"top 15+ truyện nữ cường hay, đặc sắc nhất bạn nên đọc 1 lần",7
những lưu ý bạn cần phải biết trước khi du lịch phượng hoàng cổ trấn,7
review nước hoa hồng pond's có tốt không? có trị mụn không?,3
bột kem béo pha trà sữa loại nào ngon? có hại gì không?,1
máy đếm tiền mini loại nào tốt? top sản phẩm đáng mua nhất 2024,0
99+ mẫu quà tết doanh nghiệp ý nghĩa nhất 2024 dành tặng đối tác khách hàng,1
zalo pay là gì? có nên sử dụng ví điện tử này không?,7
cách giảm cân hiệu quả nhất và an toàn nhất hiện nay,3
review top 10 sữa tươi tăng chiều cao cho bé tốt nhất 2024,5
đánh giá top 6 nước tẩy trang loreal bán chạy nhất hiện nay,3
hạt cho mèo loại nào tốt nhất? có nên cho mèo ăn hạt nhiều?,7
review siro ăn ngon babyplus có tốt không? cho bé mấy tuổi?,5
những món ăn ít calo nhất cho người giảm cân,1
vay tín chấp cmnd là gì? ngân hàng nào cho vay tín chấp bằng cmnd?,6
phí mở tài khoản techcombank: giá bao nhiêu? cách mở như nào?,7
cách tạo lập địa chỉ email của gmail mới không cần xác minh số điện thoại,7
review top 9 sản phẩm peel da tại nhà an toàn và hiệu quả cho hội chị em,3
review top 10 ghế xếp thư giãn tốt nhất hiện nay nên mua,4
"bật mí cách tỏ tình crush, cứ cưa là 99% sẽ đổ. áp dụng liền!!!",7
4 cách tìm thông tin người qua số tài khoản vietcombank nhanh & chính xác nhất,6
top xe tay ga cho nữ 2024 sang xịn giá thành hợp lý nhất,7
trứng bắc thảo bao nhiêu calo? ăn nhiều trứng bắc thảo có tốt không?,7
"15+ shop bán đồ dùng học tập trên shopee, lazada xịn sò nhất",7
review kem nền essance có tốt không? giá bao nhiêu?,3
cách phân biệt kem chống nắng martiderm thật giả đơn giản,3
review sữa rửa mặt hada labo advanced nourish hyaluron cleanser,3
mặt nạ nén là gì? review 5 sản phẩm an toàn trên thị trường,3
top 5 điều hòa daikin 2 chiều tiết kiệm điện tốt nhất 2024,4
"top 10 cặp học sinh lớp 1 chất lượng tốt, mẫu mã đẹp",7
review top 7+ sữa rửa mặt than hoạt tính tốt nhất 2024,3
tìm hiểu nguyên nhân và cách trị nám tàn nhang hiệu quả nhất từ trước đến nay,7
đánh giá mặt nạ senka có tốt không? top 7 loại bán chạy nhất 2024,3
top 10 nồi cơm điện 2 người ăn phù hợp nhất bạn nên mua 2024,4
top 7 thương hiệu dầu gội cao cấp được yêu thích nhất hiện nay,3
review kem chống nắng avene fluide mẫu mới có như kỳ vọng?,3
review bộ sản phẩm innisfree trà xanh mẫu mới có tốt không?,3
hướng dẫn đăng ký phát hành thẻ mb bank chi tiết nhất,6
đánh giá bàn phím cơ dareu ek880 dưới 1 triệu có tốt không?,0
khám phá những món ăn siêu ngon tại ngõ chợ đồng xuân,1
review top 7 kem chống nắng cho nam da dầu nên mua,3
top 15 quà sinh nhật cho bé gái 2 tuổi ý nghĩa thiết thực nhất,5
60+ thực đơn hàng ngày cho 1 người ăn tiết kiệm đủ chất nhất,1
ổ khóa chống trộm có hiệu quả không? gợi ý top khóa cửa chống trộm tốt nhất,7
nước cân bằng là gì? tại sao sử dụng nước cân bằng trong skincare,3
mua hàng trả góp lazada: điều kiện và cách mua hàng 2024,2
tổng hợp bảng mã lỗi máy giặt samsung và hướng dẫn khắc phục,7
top 10 shop quần áo uy tín trên lazada bạn nên chọn,7
thử nghiệm liệu pháp xông mặt trắng da - làn da trắng mịn đã không còn là mơ ước?,3
review nước hoa cindy bloom có mấy loại? mùi nào thơm nhất?,3
review sữa s-26 ultima 3 với công thức được chứng minh lâm sàng lần đầu tiên của nestlé,5
hướng dẫn các cách kiểm tra tiền điện thoại các nhà mạng,7
ivivu.com lừa đảo? đánh giá dịch vụ của ivivu.com,7
"furry là gì? vì sao cộng đồng furry bị mọi người ghét, tẩy chay",7
top 3 nước hoa lacoste dành cho nam đỉnh nhất hiện nay mà bạn không nên bỏ lỡ,3
hạn mức chuyển tiền vietcombank bao nhiêu? cách thay đổi hạn mức?,6
review top 10 tẩy tế bào chết paula's choice tốt nhất 2024,3
bàn là hơi nước đứng loại nào tốt? top 10 sản phẩm tốt nhất,4
cá mú làm món gì ngon? hướng dẫn chế biến món ăn với cá mú sao cho đúng,7
danh sách code thanh gươm huyền thoại mới nhất 08/2024,7
"halloween 2023 là ngày nào? nguồn gốc và ý nghĩa, các hoạt động",7
"bộ code ảo mộng tru tiên đầy đủ, mới nhất 08/2024",0
dùng tẩy da chết trước hay sữa rửa mặt trước? thứ tự chuẩn,7
thương hiệu dyson của nước nào? sản phẩm có tốt không?,8
ngày thành lập đoàn là ngày nào? lịch sử hình thành và ý nghĩa?,7
đặt tên con trai họ nguyễn 2024 hay và hợp phong thủy,5
"top 10 kiểu tóc mohican uốn đẹp, thời thượng nhất 2024",7
đừng vội mua khi chưa nắm những kinh nghiệm mua máy giặt này,7
vạch trần sự thật những lời đồn về lauric acid trong làm đẹp,3
"full code sakura stand mới nhất 08/2024, quà hấp dẫn",0
bạn đã biết cách rửa mặt bằng sữa tươi không đường?,3
giỏ hàng shopee ở đâu? cách thêm/xóa sản phẩm khỏi giỏ hàng,7
review miếng dán mụn careplus có thần thánh như lời đồn?,3
toàn bộ code z warriors unleashed miễn phí mới nhất 08/2024,7
"top 7 kéo cắt tóc tốt nhất, chuẩn salon đáng mua hiện nay",3
review sữa colos gold vinamilk có tốt không? có nên mua không?,5
văn địa công dân là khối gì? ra trường làm gì?,7
"cây cam ngọt của tôi review chi tiết: nội dung, ý nghĩa, giá thành",7
[hướng dẫn] cách hủy các dịch vụ gtgt viettel,7
"15+ mẫu cây trồng trong nhà không cần ánh sáng, tốt cho sức khỏe",7
review serum maelove: lính mới trong làng skincare có thực sự đáng dùng?,3
tình yêu nam nữ là gì? làm thế nào để có một tình yêu lâu bền,7
đánh giá thực tế về kem chống nắng beplain tím sau khi đùng,3
review sữa rửa mặt hada labo cho da dầu mụn có tốt không?,3
review top 8 sữa rửa mặt tạo bọt tốt nhất cho nhiều loại da,3
full code chiến hồn tam quốc mới nhất 08/2024,7
"hướng dẫn cách mua hàng trên tiktok shop chi tiết, đơn giản",7
"hướng dẫn chi tiết cách sử dụng điều hòa lg : 1 chiều, 2 chiều, inverter",4
"những dòng stt yếu đuối giải tỏa tâm trạng hay, ý nghĩa",7
13 kinh nghiệm mua máy hút sữa các mẹ cần lưu ý,7
reviews sách tuổi trẻ đáng giá bao nhiêu tác giả rosie nguyễn,7
"tổng hợp từ viết tắt trên facebook đầy đủ, phổ biến nhất 2024",7
inbox là gì? ib là gì? hướng dẫn inbox trên facabook nhanh,7
"999+ stt bạn đểu, nghe câu nào chất câu đấy. khịa cực cay!",7
top 5 kem chống nắng cho da hỗn hợp thiên dầu tốt nhất hiện nay,3
"top 7 mỹ phẩm cho bà bầu an toàn, được khuyên dùng 2024",5
tổng hợp bộ code second piece mới nhất 08/2024,0
"review 8 khóa học yêu cấp tốc hay nhất dành cho nam, nữ",7
"999+ câu tỏ tình bằng các thứ tiếng cực tình, cực dính",7
phân biệt thực phẩm sử dụng hóa chất tẩy trắng như thế nào,7
"spam là gì? spam tin nhắn, facebook, zalo, email.. là gì?",7
đánh giá top 7 lều cắm trại chắc chắn và an toàn nhất 2024,7
top 10+ cách trị nám tại nhà từ thiên nhiên đơn giản hiệu quả nhất,3
quan hệ tình dục là gì? làm thế nào để quan hệ tình dục an toàn,7
review pink cashmere body mist bath and body works,3
review kem lót focallure có tốt không? top 5 loại bán chạy,3
tinh dầu tỏi là gì? top 8 tinh dầu chiết xuất tỏi tốt nhất nên mua,3
giá sữa grow plus bao nhiêu? bảng giá cập nhật mới nhất,5
ổ ssd là gì? có mấy loại ổ ssd? ổ ssd khác gì ổ hhd? có nên dùng không?,0
hướng dẫn cách đăng ký điểm nhận hàng sendo farm chi tiết,7
"review kem phục hồi, dưỡng ẩm và trẻ hóa tế bào skincode 24h cell energizer cream (50ml)",3
gợi ý top 10 phấn phủ kiềm dầu tốt nhất cho da nhờn 2024,3
tổng đài baemin là gì? cách liên hệ với tổng đài hỗ trợ beamin,7
review kem chống nắng d'alba có mấy loại? có tốt không?,3
hướng dẫn đổi lịch bay traveloka và giải đáp thắc mắc đi kèm,7
lá tắm trị rôm sảy cho trẻ nhỏ hiệu quả mà lại dễ tìm,5
review mặt nạ giấy the face shop tốt không? nên dùng không?,3
review top 6 các loại retinol tốt nhất hiện nay dành cho bạn,3
tất niên là gì? thực đơn tất niên tại nhà đơn giản mà ngon nhất,7
top 8 khách sạn trung tâm đà lạt được đánh giá cao nhất,7
tinh chất 9 wishes là gì? top 5 sản phẩm bán chạy nhất của hãng,3
"top 5 retinol trị nám, tàn nhang, chống lão hóa tốt nhất 2024",3
review top 10 máy triệt lông cá nhân tại nhà tốt nhất 2024,3
top 9 bình giữ nhiệt 1 lít tốt nhất bạn nên lựa chọn,4
chốt ngay 5 deals kem chống nắng anessa đáng mua nhất dịp sale tết lazada,3
"top 5 loại máy mài góc giá rẻ, chất lượng được ưa chuộng hiện nay",4
"chia sẻ những lưu ý để chọn được lò vi sóng tốt, giá thành phù hợp",7
trải nghiệm tinh hoa bắc bộ - show thực cảnh đáng xem nhất??,7
"thực hư hiệu quả giảm rụng, kích mọc tóc của cao lỏng nhân sâm đỏ",3
"shopee 1.1: tết lì xì deal tới 90%, miễn hết phí ship",2
mặc quần lót nam để làm gì? những tác dụng thần kỳ nên biết,3
top 10 sữa tắm cho nam lưu hương lâu được yêu thích,3
các loại thẻ tín dụng vpbank hiện nay? cách làm thẻ tín dụng vpbank,6
mức phí bảo hiểm bắt buộc ô tô giá bao nhiêu mới nhất 2024,7
máy sưởi gốm loại nào tốt nhất 2024? tiêu chí chọn mua,4
"1999+ lời chúc mừng sinh nhật mẹ ngắn gọn, đơn giản và ý nghĩa nhất",7
"top 15+ trò chơi tất niên vui nhộn, độc lạ, cười ra nước mắt, gắn kết tập thể",7
review tất tần tật về top 3 kem nền 3ce được yêu thích nhất,3
"siêu sale tiki 10.10 - mua 1 tặng 1, giảm 50%, deal sốc 10k",7
review top 10 máy massage mặt được yêu thích nhất hiện nay,3
review top 5 máy hút bụi dyson chất lượng tốt nhất hiện nay,4
ngày cá tháng tư là ngày gì? nguồn gốc và ý nghĩa?,7
[đánh giá] cốc nguyệt san facelle có đáng mua hay không?,3
cfo là gì? bật mí những điểm đặc biệt của cfo mà bạn chưa biết,7
top 10 cuốn sách hay cho lứa tuổi 13 bổ ích nhất nên đọc,7
bạn đã hiểu đúng về chất cấp ẩm siêu xịn - emollient?,3
những sai lầm khi dùng kem chống nắng khiến da tệ hơn,7
scan là gì? công dụng của scan và cách để scan được ảnh và giấy tờ,7
"top 8 dầu gội trị nấm da đầu tốt nhất, hiệu quả nhanh 2024",3
tiki ngày sale thương hiệu 27.3 và những chú ý bạn cần biết!,7
review toner bielenda dr medica giá dưới 200k có tốt không?,3
"uống milo có tăng cân không, có tốt không? mua ở đâu? giá bao nhiêu?",5
danh sách những món đồ sơ sinh cho bé trai không thể bỏ sót,5
trau chuốt hay chau chuốt cùng tìm hiểu hai từ ngữ này nhé,7
nước hoa versace nữ mùi nào thơm nhất? lưu hương đỉnh nhất?,3
cách kiểm tra vé máy bay vietjet đã đặt nhanh nhất 2024,7
sữa chua bao nhiêu calo? cách ăn sữa chua giảm cân an toàn?,7
băng vệ sinh thảo dược là gì? top băng vệ sinh phụ nữ tốt nhất 2024,3
review chi tiết son dior addict lip maximizer có gì hot?,3
rửa mặt bằng nước ấm hay nước lạnh: lựa chọn nào tốt cho da?,3
review nước muối fysoline hồng là gì? có tốt không? giá bán?,5
review bộ đôi xịt khóa nền catrice có đỉnh như lời đồn?,3
top 10 khách sạn gần sân bay đà nẵng từ giá rẻ đến hạng sang tốt nhất,7
"hướng dẫn cách làm cà muối xổi tại nhà ngon, đơn giản nhất",7
"top 10+ mặt nạ trị nám, tàn nhang hiệu quả nhất tại nhà",3
"top 18 những game roblox hay nhất, đốn gục game thủ 2024",7
review phấn phủ nars có tốt không? top 3 bán chạy nhất,3
review nước tẩy trang hanajirushi deep cleansing lotion,3
"top 10 nước rửa chén chất lượng cao, giá thành tốt 2024",4
top 10 tẩy trang mắt môi được các tín đồ làm đẹp yêu thích nhất,3
phương pháp đọc bộ ehon nhật bản chơi cùng momo cho con hiệu quả cha mẹ nên biết,7
gợi ý giúp mẹ top 10+ tấm lót chống thấm cho bé tốt nhất nên dùng,5
"sinh nhật lazada 2024: hàng hiệu giảm 50%, voucher 800k",7
hướng dẫn cách đặt now qua shopee cho khách hàng sử dụng lần đầu,1
review chi tiết cốc nguyệt san ovacup có tốt không? mua ở đâu?,3
review top 10 cân tiểu ly điện tử nhà bếp tốt nhất hiện nay,4
"code anime fighters simulator mới nhất 08/2024: free boosts, xp, yen",7
"999+ stt buồn về gia đình, hôn nhân rối bời thấu tận tâm can",7
review sữa colosbaby có tốt không? loại nào tốt nhất?,5
"review top 7 kem chống nắng vật lý tốt, nên dùng nhất 2024",3
octinoxate là gì? khi sử dụng octinoxate có thể gặp phải rủi ro nào?,3
đánh giá laptop acer aspire 3 a315 56 502x sau 6 tháng sử dụng,0
có nên dùng biogaia cho trẻ sơ sinh & cách sử dụng?,5
review mỹ phẩm cnp có tốt không? top 7 sản phẩm được yêu thích nhất,3
top các trang web đặt phòng khách sạn uy tín nhất tại việt nam,7
top 10 dầu gội trị ngứa da đầu hiệu quả được khuyên dùng,3
mia resort nha trang có gì hot? giá phòng + dịch vụ,7
review kem dưỡng some by mi yuja niacin brightening moisture gel cream,3
"mẹ bị mất sữa phải làm sao: nguyên nhân, dấu hiệu, giải pháp",5
[mới nhất] link nhận 1000 spin coin master miễn phí tháng 08/2024,0
đánh giá top 4 nồi cơm điện tách đường bán chạy nhất 2024,4
[mới] cách làm thủ tục lên máy bay vietjet a-z cho người mới,7
review có nên sử dụng retinol obagi 1% cho da dầu không?,3
thông tin chương trình th topkid đổi quà trúng xe đạp 2024,2
review top 4 smartphone nắp gập được ưa chuộng nhất hiện nay 2024,0
những lý do nên đặt mua galaxy s24 series tại samsung.com,0
review chi tiết top 3 toner hada labo được ưa chuộng nhất 2024,3
xả stress với top 10 quán cafe board game hà nội cực chất,1
còn bao nhiêu ngày nữa đến tết dương lịch 2024? nghỉ mấy ngày?,7
hướng dẫn cách đổi mã pin mbbank trên app nhanh và chính xác nhất,6
cắt tóc ngày nào tốt? không nên cắt tóc ngày nào tháng 08/2024,7
cập nhật mới số tổng đài xe phương trang 3 miền 2023,7
"hướng dẫn cách copy link shopee đơn giản, nhanh chóng mà hiệu quả",7
"333+ quotes hay, câu nói ý nghĩa, stt thấm nhất về cuộc sống, tình yêu, tình bạn",7
lưu ý cách nhận biết shop lừa đảo trên shopee cho người mua,7
mặt nạ eunyul review 2024 có tốt không? có nên mua không?,3
"tóc yếu, gãy rụng, sơ rối,.. khiến bạn thiếu tự tin thì chắc chắn bạn không nên bỏ qua bài viết này",3
"số tổng đài việt nam airline mới nhất, cách liên hệ nhanh",7
"hướng dẫn cách muối cà chua ngọt tại nhà ngon, không bị thâm",7
review top 10 chảo chống dính sunhouse đáng tiền nhất 2024,4
sự thật dùng cà phê giảm cân có an toàn không? loại nào tốt?,3
top 5 kệ bếp đẹp cho nhà nhỏ bạn nên sắm cho không gian bếp,4
"game casual là gì? top game casual mới, hấp dẫn nhất 2024",0
review máy hút sữa spectra có tốt không? top 5 sản phẩm tốt nhất hiện nay,5
top 8 sữa tắm trị viêm nang lông được đánh giá tốt nhất 2024,3
mặt nổi mụn đầu trắng do đâu? làm sao để xử lý hết?,3
có nên mua điện thoại trên lazada hay không? shop nào uy tín?,0
review serum ha skinavis có thực sự tốt như lời đồn?,3
ngày của mẹ là ngày nào năm 2024? những lời chúc ý nghĩa nhất,7
review tinh chất fresh herb origin serum có xứng đáng là cứu tinh cho làn da,3
đánh giá top 6 kem lót 3ce được săn đón nhất trên thị trường,3
review kem dưỡng martiderm skin repair cicra vass cream phục hồi da,3
viết tắt trong word: hướng dẫn thiết lập và xóa bỏ 2024,0
đại chiến shopee 15.11 - tổng hợp những deal hot không thể bỏ lỡ,7
review bỉm mama bear có tốt không? xuất xứ từ đâu? giá bán?,5
"30+ kiểu tóc layer nữ mặt tròn đẹp, thời trang nhất 2024",7
"tổng hợp 99+ lời chúc khai trương, stt khai trương hay nhất",7
review top 2 dưỡng tóc loreal tốt không? giá bao nhiêu?,3
"mẹo phân biệt l/n, ch/tr, x/s, gi/d/, c/q/k, i/y tiếng việt",7
cập nhật biểu phí mbbank mới nhất năm 2024 bạn cần phải biết,6
"150+ stt đầu tuần hài hước, ý nghĩa cho cả 7 ngày may mắn",7
tất tần tật về hành trình du lịch hà nội 1 mình đầy thú vị,7
"giải mã nháy mắt trái, mắt trái giật ở nam, nữ là điềm gì theo giờ?",7
"review top 8 khách sạn tình yêu hà nội chất lượng, giá tốt",7
tefal lazada siêu sale 6.6- cơ hội sắm đồ gia dụng hàng hiệu giá rẻ nè chị em ơi!,7
review dầu tẩy trang skin1004 madagascar centella có tốt không?,3
"review top đồng hồ nữ dưới 2 triệu bền, đẹp đáng mua nhất",0
top 11 món quà tết cho bố mẹ ý nghĩa và thiết thực không thể bỏ qua,7
gói hàng shopee như thế nào đúng chuẩn cho các chủ shop?,7
review top 6 máy sấy thực phẩm gia đình tốt nhất nên mua 2024,4
review dầu gội bồ kết thorakao có tốt không? giá bao nhiêu?,3
review sữa babego có tốt không? giá bao nhiêu? mua ở đâu tốt nhất?,5
so sánh bỉm moony và merries – tiêu chí lựa chọn loại bỉm phù hợp cho bé,5
hoa hải đường là hoa gì? những ý nghĩa đặc biệt xoay quanh loài hoa này,7
tinh dầu dưỡng tóc kerastase có mấy loại? có đáng để đầu tư?,3
bảng code màu liên quân trend giúp bạn nổi bật 2024 & cách đổi,0
vong ơn bội nghĩa là gì? vong ơn hay vong ân bội nghĩa?,7
nam perfume và top 3 nước hoa được yêu thích nhất 2024,3
"đánh giá top 15 thỏi son kem lì đẹp, không khô môi đáng mua",3
50+ mẫu tranh tô màu trung thu đẹp và dễ tô cho bé 2024,7
so sánh máy hút sữa youha gen 1 và gen 2 – loại nào tốt hơn?,5
đánh giá top 10 kem đánh răng colgate bán chạy nhất 2023,3
review top 3 bột ăn dặm của nhật được ưa chuộng nhất cho bé,5
"top 8 ấm đun nước bếp từ tốt, tiết kiệm điện và an toàn nhất",4
"viêm nang lông lưng là gì? cách trị viêm nang lông ở lưng hiệu quả, an toàn",3
review top 8 khách sạn tình yêu sài gòn (tp.hcm) chất lượng,7
xếp hình là gì? xếp hình trong tình yêu có nghĩa là gì?,7
8/5 là ngày gì? có những sự kiện đặc biệt nào cần biết?,7
"review top 10 vợt bắt muỗi chất lượng, được tin dùng nhất hiện nay",4
tuyệt chiêu bảo quản chuối trong tủ lạnh giúp giữ nguyên giá trị dinh dưỡng,7
có nên dùng bột vệ sinh cho máy giặt? top bột vệ sinh máy giặt tốt nhất 2024,4
"chỉ thị 19 của thủ tướng chính phủ là gì? sự khác biệt giữa chỉ thị 19 so với 15, 16?",7
tổng đài ncb - hotline ngân hàng quốc dân ncb hỗ trợ 24/7,7
"review top 6 nước xịt thơm quần áo khử mùi, giữ hương lâu",3
top 5 điều hòa giá rẻ dưới 5 triệu đồng đáng mua nhất 2024,4
review kem chống nắng fixderma shadow spf 50+ có tốt không?,3
cách xem và tra cứu chi nhánh mbbank. tìm ngân hàng mbbank gần nhất,6
toàn bộ code untitled gym game mới nhất 08/2024,0
"tổng hợp 100+ hình xăm trái tim mini đẹp, ý nghĩa nhất hiện nay",7
chứng khoán là gì? những điều cơ bản cần biết trước khi đầu tư,6
top 4 tủ lạnh giá rẻ dưới 3 triệu tiết kiệm điện nhất năm 2023,4
review top 7 tủ lạnh dưới 5 triệu đồng đáng mua nhất hiện nay,8
bán hàng trên shopee mất phí bao nhiêu? chi tiết mức phí?,7
chọn kem dưỡng ẩm cho da nhạy cảm như nào? gợi ý top kem dưỡng ẩm tốt nhất cho da,3
tàu hoả leo núi fansipan: kinh nghiệm và giá vé,7
"top các loại đèn, bóng đèn tích điện tốt, bền bỉ, siêu sáng",4
retinol có trị mụn không? mụn dùng retinol có phải hiệu quả nhất?,3
review top 4 dòng kem đánh răng darlie được yêu thích nhất,3
review top 10 quạt cây tích điện đáng mua nhất hiện nay,4
top 20+ bài thơ về thầy cô ý nghĩa nhân ngày kỉ niệm 20/11,7
"top 10+ loại hoa lan đẹp nhất, dễ trồng và chăm sóc tại việt nam",7
"review nên mua máy hút sữa rozabi bản nào tốt, hút êm nhất",5
1 chén cơm chiên trứng bao nhiêu calo? ăn cơm rang trứng có béo không?,7
"1999+ stt cổ vũ bóng đá, stt chúc đội tuyển bóng đá ý nghĩa nhất",7
quốc tế thiếu nhi là ngày gì? nên tặng bé quà gì ngày 1/6 phù hợp?,7
top 10 thỏi son đỏ nâu đẹp nhất khiến chị em bấn loạn,3
có nên mua máy đổi trả thegioididong? có bảo hành không?,7
monkey junior trọn đời là gì? học phí bao nhiêu? có nên dùng không?,0
tintinvay lừa đảo không? điều cần biết khi vay qua tintincash,6
stt thả thính ngọt ngào mùa yêu 2024 - đánh gục crush ngay từ câu đầu tiên,7
gợi ý 8 hộp quà tết các loại hạt dành tặng người thân,1
máy hút mùi bếp là gì? top 7 máy hút mùi tốt nhất nên mua,4
cá hô làm món gì ngon? 3 cách chế biến cá hô đơn giản và thơm ngon nhất,1
đánh giá bột ăn dặm hipp có tốt không? có những loại nào?,5
7 lợi ích của bột mầm lúa mạch giúp thay đổi cuộc sống,1
top 10 nước hoa dưới 500k - rẻ mà vẫn sang xịn mịn 2024,3
"đừng cúng chúng sinh khi chưa đọc bài này: mâm lễ, bài cúng, cách cúng chuẩn nhất",7
tư vấn mua sữa bột cho trẻ sơ sinh 0 - 12 tháng tốt nhất,5
top 7 dòng kem chống nắng cho bé an toàn mà mẹ không nên bỏ qua,3
ủ tóc olexrs: bí quyết để có mái tóc khỏe mạnh và mềm mượt,3
review viên uống chống nắng murad có thần thánh như lời đồn?,3
review kem chống nắng hemia bị phốt kem trộn phải không?,3
"gợi ý 15 thực đơn cơm văn phòng theo tuần ngon, dễ làm nhất",7
đánh giá top 9 ấm đun siêu tốc philips hot nhất hiện nay 2018,7
top 7 kem trị mụn trắng da chất lượng nhất hiện nay,3
0559 là mạng gì? đầu số 0559 có phải lừa đảo không?,7
sữa chua khô là gì? có tốt không? có nên cho bé ăn không?,5
review tẩy da chết cure natural aqua gel có tốt không? phù hợp với da nào?,3
sự thật về lăn kim trị nám và những rủi do khôn lường ít ai biết,3
toàn bộ code legend of mushroom mới nhất miễn phí 2024,7
tiền ơi - cách vay tiền ơi online 500k - 15 triệu nhanh nhất,6
review dầu gội phủ bạc emilie có tốt không? mua chính hãng ở đâu?,3
seller own fleet là gì? 3 cách tra cứu vận đơn seller own fleet,7
top 4 bảng phấn mắt perfect diary bán chạy nhất,3
"top 5 loại máy sấy tay giá rẻ, tốt nhất trên thị trường hiện nay",4
[update] full code tân 3q truyền kỳ mới nhất 08/2024 | cách nhập code,0
kinh nghiệm du lịch côn đảo tự túc chi tiết a-z năm 2024,7
"review ti giả bibs có tốt không? hướng dẫn cách sử dụng, vệ sinh",5
review top serum trị sẹo rỗ được tin dùng nhất hiện nay,3
review chi tiết về xịt khoáng balea - hội chị em nhất định phải biết,3
panthenol là gì? giải đáp panthenol có an toàn cho da không?,7
review top các loại sữa cho trẻ sơ sinh tốt nhất 2024,5
ngày thất tịch là ngày gì? lễ thất tịch 2023 là ngày nào?,7
"999+ stt yêu đơn phương buồn, tâm trạng, thấm từng câu chữ",7
thớt gỗ nghiến là gì? top 7+ thớt làm từ gỗ nghiến tốt nhất nên mua,7
công ty tnhh thế giới di động và điều có thể bạn chưa biết,7
top 8 thỏi son màu đỏ cherry đẹp nhất được các cô nàng yêu thích,3
từ bi hỷ xả là gì? bốn nền tảng của lòng tốt trong đạo phật,7
1 quả chuối bao nhiêu calo? ăn chuối tăng cân hay giảm cân?,7
"reviews truyện quả bầu tiên: nội dung, ý nghĩa, giá thành",7
review top 8 máy xay hạt khô cho gia đình tốt nhất,4
"review bình sữa tommee tippee loại closer to nature & chống đầy hơi 150ml,260ml...",5
avast free antivirus là gì? có tốt không? cách tải như thế nào?,0
top 6 kem trị thâm vùng kín hiệu quả nhanh và an toàn nhất,3
kinh nghiệm chuẩn bị đồ đi sinh đầy đủ và tiết kiệm nhất,5
review tẩy da chết bioderma sebium gel gommant có tốt không?,3
top 4 điện thoại oppo dưới 5 triệu đáng mua nhất trong năm 2023,0
chăm sóc răng miệng cho trẻ chuẩn nhật với bộ sản phẩm pigeon,5
kem trị mụn thịt có hiệu quả không? các cách trị mụn thịt an toàn nhất hiện nay,3
top 5 thương hiệu vali kéo vải dù cao cấp mà bạn nên mua,7
review top 10 dầu gội trị gàu cho nam đáng mua nhất,3
friend with benefit là gì? được và mất trong mối quan hệ friend with benefit,7
review phấn phủ focallure có tốt không? top 6 dòng bán chạy,3
"999+ stt lời hứa, những câu nói hay về lời hứa hay, ý nghĩa",7
tổng hợp code toilet tower defense 08/2024 đầy đủ,0
"những câu nói hay về tương lai, stt tương lai hay nhất",7
xính lao có nghĩa là gì? những ý nghĩa của từ xính lao trong phim về nhà đi con,7
ý nghĩa và tổng hợp ảnh cỏ 4 lá may mắn avatar đẹp nhất,7
"danh sách ngày tốt tháng 3 năm 2024 động thổ, cưới hỏi...",7
"ngân hàng thương mại là gì? phân loại, đặc điểm, vai trò, chức năng?",6
"top 10 công ty cho vay tiền nhanh 24/7: uy tín, thủ tục đơn giản, giải ngân nhanh",6
review kem đánh răng eucryl toothpaste tốt không? nên mua không?,3
review thuốc nở ngực nào tốt? top 10 thuốc bôi tăng kích cỡ vòng 1,3
"top 8+ túi đựng hộp cơm giữ nhiệt, giá tốt nên mua nhất 2024",5
review serum tiam đen pore minimizing có tốt như quảng cáo?,3
review top 5 loại son thỏi 3ce khiến mọi cô nàng mê mẩn 2024,3
review dầu gội phủ bạc komi nhật bản có tốt không? giá bán?,3
tổng đài bắc á bank – số điện thoại hotline cskh bắc á 24/24,7
"đeo nhẫn cưới tay nào, ngón nào? nam tả nữ hữu có đúng truyền thống?",7
top 3 toner cho da hỗn hợp thiên dầu có hiệu quả “thần kỳ” không nên bỏ lỡ,3
review top 12+ gối chống bẹp đầu cho trẻ sơ sinh tốt nhất hiện nay,5
"10 sữa rửa mặt cho nam da khô ph thấp, dưỡng da tốt nhất 2024",3
host là gì? cùng tìm hiểu xem host là gì qua bài viết dưới đây,7
hướng dẫn cách đặt hàng trên shopee giá rẻ với mã giảm giá,7
"1500+ stt tháng 5 hay, những câu nói về tháng 5 ý nghĩa",7
"top 1500+ câu nói tạo nghị lực hay, ý nghĩa giúp bạn thành công",7
"10+ cách phối đồ với chân váy dạ tweed đẹp, sanh chảnh nhất",7
đánh giá top 3 kem nền l'oreal được ưa chuộng nhất hiện nay,3
game kinh dị chơi cùng bạn bè trên điện thoại hot tiktok 2024,7
note ngay 5 món ăn ngon từ rau rêu đá dễ làm tại nhà,1
tại sao nên mua iphone 5s chính hãng trong thời điểm hiện tại?,7
review các sản phẩm olay retinol cực tốt không thể bỏ qua,3
bánh ăn dặm cho bé 6 tháng tuổi loại nào tốt nhất hiện nay?,5
top 10+ địa chỉ bói bài tarot ở tp hcm nói đâu chuẩn đấy,7
số hotline shopee express bao nhiêu? liên hệ shopee express thế nào?,7
"review top 5 chiếu điều hòa cho bé tốt, mẹ nên mua nhất",5
cách viết đoạn văn về bảo vệ môi trường bằng tiếng anh đạt chuẩn,7
cách trồng hành tây trong nước cực đơn giản,7
kho cu chi soc shopee ở đâu? bao lâu nhận được hàng?,7
tiramisu là gì? bật mí những điều độc đáo xoay quanh tiramisu,7
sữa yoko gold pha sẵn - giải pháp tiện lợi cho mẹ và bé,5
"top 7+ máy hàn miệng túi mini tốt, giá thành hợp lý nên mua",4
"review top 9 toner aha/bha tốt, xịn sò, đáng mua nhất 2024",3
đầu số 079 là mạng gì? bật mí những điều cần biết về mạng 079,7
top 3 nước hoa hồng innisfree được ưa chuộng nhất năm 2024,3
"siêu sale tiki 11.11 - coupon 1 triệu, deal hot 1k, 11k, 111k",7
mua xe máy 50cc loại nào tốt? top mẫu xe 50cc cho học sinh,7
xanh sm là gì? thông tin dịch vụ xanh sm taxi & bike,0
bùng nổ shopee sale tết 2023 - cơ hội cuối không thể bỏ lỡ,7
review dung dịch vệ sinh phụ nữ zelenaya apteka có tốt không?,3
review top 10 mặt nạ than hoạt tính được ưa chuộng nhất,3
"cách xóa avast free antivirus hoàn toàn, đơn giản trên win 7,10",0
review bình sữa pigeon ppsu thế hệ iii có xịn như lời đồn?,5
reivew thỏi son perfect diary 905 - hãng son nội địa trung siêu hot gần đây,3
có nên bôi kem chống nắng vào ban đêm? nếu bôi có sao không?,3
note ngay kinh nghiệm tổ chức sinh nhật cho bé chi tiết nhất từ a-z,7
review nước hoa hồng i’m from rice toner có tốt không? giá bao nhiêu?,3
bôi kem dưỡng bị ra ghét: nguyên nhân và cách xử lý triệt để,3
postcode là gì? mã bưu chính việt nam 63 tỉnh thành 2024,7
review xịt tóc tinh dầu bưởi sunsilk có tốt như lời đồn,3
logo vpbank có ý nghĩa gì? file tải logo vpbank mới nhất 2024,6
cờ rủ là gì? treo cờ rủ sao cho đúng? hình ảnh cờ rủ,7
đánh giá bộ kem trị mụn innisfree có tốt không? giá bao nhiêu? mua ở đâu?,3
top 10 địa chỉ mua sách online uy tín nhất hiện nay,7
giả thiết hay giả thuyết? từ nào là từ dùng đúng chính tả,7
vay tiền soscredit - những điều bạn nhất định phải biết?,6
đội ngũ ban lãnh đạo mb bank hiện tại gồm những ai?,6
"review tất cả kem chống nắng kose, nên dùng loại nào?",3
"bảng màu & những kiểu tóc màu nâu khói nam-nữ đẹp nhất, hot",3
"bơ bao nhiêu calo? cách ăn bơ giảm cân an toàn, hiệu quả",7
"99+ stt hay ngắn gọn 2024 về tình yêu, tình bạn, cuộc sống share nhiều nhất",7
[mới nhất] top 20 bikini 2 mảnh màu đen đi biển đẹp nhất trong mùa hè này,7
"99+ câu nói, stt khởi nghiệp hay, truyền động lực nhất",7
review top 15 loại sữa bầu tốt nhất cho mẹ và bé 2024,5
sẹo lồi có hết được hoàn toàn không? top 6 thuốc trị seo lồi tốt nhất hiện nay,3
cách tặng thẻ vàng trong coin master không cần kết bạn,7
ngày quốc tế lao động là ngày nào? nguồn gốc và ý nghĩa lịch sử?,7
50+ mẫu thiệp chúc mừng năm mới giáp thìn 2024 đẹp nhất,7
đánh giá top 10 máy đưa võng cho bé tốt nhất nên mua 2024,5
review thực tế tẩy trang eveline b5 có tốt như quảng cáo?,3
"top 10 kem trị hăm cho bé, trẻ sơ sinh tốt nhất và lành tính",5
"10+ kiểu tóc wolfcut nữ, nam đẹp và thời thượng nhất 2024",3
đánh giá nước giặt dnee màu nào thơm? dùng có tốt không?,5
lazada affiliates là gì? hướng dẫn kiếm tiền với lazaffiliates,7
"17 cách kiếm tiền online không cần vốn an toàn, uy tín 2024",6
nước hoa le labo mùi nào thơm nhất? mua chính hãng ở đâu?,3
review dầu tẩy trang cocoon hoa hồng có tốt không? cách dùng?,3
"tã, bỉm bejoyie có an toàn cho bé không? giá bao nhiêu? mua ở đâu?",5
nên tẩy trang trước hay sau khi tắm: thứ tự nào mới đúng?,3
hình ảnh bầu trời buồn đẹp đến ngỡ ngàng như muốn nói với bạn,7
gợi ý mix trang phục halloween đẹp ma mị,7
những mẫu tranh tô màu công chúa đẹp xuất sắc dành cho bé,7
mặt nạ mật ong - sản phẩm không nên bỏ qua trong bộ sưu tập mẹo làm đẹp,3
"top 999+ tên fb hay, đẹp, ý nghĩa cho nam và nữ chất nhất 2024",7
review máy hút sữa ichiko - sản phẩm tốt nhất cho mẹ bỉm,5
lò vi sóng âm tủ là gì? top 4 lò vi sóng âm tốt nhất nên mua,4
review máy tiệt trùng uv fatz super 2–fb4706sl của fatzbaby,5
cách bảo quản thịt trong tủ lạnh. có nên hay bảo quản trong tủ lạnh?,7
hướng dẫn những cách biết số điện thoại của mình là gì,7
merzy v16 là màu son gì? lên màu có đẹp không? độ bền màu ra sao,3
bảo hiểm manulife lừa đảo? có nên mua bảo hiểm nhân thọ manulife?,6
"quang hợp là gì? ý nghĩa, vai trò của quang hợp ở thực vật là gì",7
số điện thoại msb- tổng đài cskh ngân hàng msb 24/7,7
số điện thoại tổng đài hsbc- hotline hỗ trợ khách hàng 24/7,7
"top 8 hộp bảo quản thực phẩm chất lượng, an toàn nhất 2024",4
top các shop bán son uy tín trên shopee yên tâm lựa chọn,3
xịt khoáng hàn quốc loại nào tốt? top 10 sản phẩm bán chạy nhất,3
"1500+ stt mùa hè, những câu nói hay về mùa hè ý nghĩa nhất",7
"những stt, câu nói hay về công việc tạo động lực để thành công",7
lý do bạn nên chọn vitamin c tinh khiết,3
rằm tháng 7 là ngày gì? những việc ý nghĩa nên làm trong ngày rằm tháng 7,7
hướng dẫn cách làm bột gạo cho bé ăn dặm & một số gợi ý khác,5
dùng mỗi sữa rửa mặt có làm sạch kem chống nắng không?,3
top 10 nước hoa hồng nhật bản tốt nhất được yêu thích 2024,3
"review top quạt phun sương mini giá rẻ, tiện dụng 2024",4
review dung dịch vệ sinh nam oniiz có tốt không,3
"đánh giá top 15 bàn phím cơ giá rẻ, tốt nhất nên mua năm 2024",0
"chi tiết: tra cứu chuyến bay vietjet nhanh, chính xác 2024",7
1314 là gì? nguồn gốc của con số 1314? ý nghĩa của chúng trong tình yêu,7
"review top 8 loại sữa tươi tăng cân cho bé nhẹ cân, thấp còi",5
thiết quân luật là gì? quy định về luật giới nghiêm quân đội,7
review dầu gội purite có tốt không? top 3 sản phẩm bán chạy,3
review top 10 nồi cơm điện giá rẻ tầm 500k tốt nhất hiện nay,4
"xôi bao nhiêu calo? cách ăn xôi giảm cân, tốt cho sức khoẻ",7
top 14 tủ lạnh có ngăn đông mềm dung tích nhỏ đến lớn tốt nhất,4
"99+ stt về rượu thả thính, stt hay về rượu và tình yêu hay",7
review kem dưỡng tràm trà derladie herbal extract care cream có tốt không?,3
review neutrogena ultra sheer dry-touch sunscreen spf 55,3
đánh giá laptop masstel l133. có nên mua laptop laptop masstel l133 hay không?,0
kinh nghiệm du lịch đà lạt tự túc giá rẻ - đà lạt nên đi đâu?,7
review top 10 máy sấy tóc mini gấp gọn du lịch tốt nhất,3
review cao trị nám whoo có tốt không? có đáng để bỏ tiền?,3
sữa chua susu cho bé mấy tuổi? trẻ uống nhiều có tốt không?,5
hướng dẫn sao kê online vietinbank nhanh chóng trong 2 phút,7
60 mẫu tranh tô màu ô tô bé trai chắc chắn thích,7
review 2 dòng nước tẩy trang svr được tin dùng nhất hiện nay,3
đọc ngay quy định hành lý xách tay vietnam airline 2024,7
"yoy là gì? đặc điểm, ý nghĩa và ứng dụng của chỉ số yoy",6
kem chống muỗi cho bé có hiệu quả không? nên chọn kem chống muỗi nào an toàn,3
đánh giá top 8 dòng muối tắm tẩy tế bào chết tốt nhất hiện nay,3
"code free fire 08/2024 miễn phí, nhập code ff vĩnh viễn, code ff kim cương mới nhất",0
có nên mua máy giặt trên tiki không? câu trả lời có trong bài viết này,7
toner quốc dân triệu người tin dùng - chân ái của mọi làn da,3
note ngay top 10 loa bluetooth giá rẻ tốt nhất năm 2024,0
điện máy xanh là gì? thông tin về công ty điện máy xanh,7
máy hút sữa fatz resonance 5 - máy hút thông minh cho mẹ bỉm,5
ý nghĩa lễ thất tịch? vì sao ngày thất tịch lại ăn chè đậu đỏ?,7
nước hoa niche là gì? niche khác gì nước hoa designer?,3
dấu hiệu đau mắt đỏ như thế nào? cách phân biệt,7
xây dựng thực đơn keto 28 ngày chuẩn nhất giúp bạn giảm cân an toàn,3
review top 4 dao cạo râu tốt nhất cho nam giới chỉ từ 125k,3
"top 8 nước hoa nam thơm lâu, cuốn hút suốt ngày dài",3
top 10 kem se khít lỗ chân lông hiệu quả đáng mua nhất 2024,3
review kem trị nứt cổ gà lansinoh giải pháp tốt nhất dành cho mẹ,5
hướng dẫn liên kết tiktok shop với tài khoản cá nhân nhanh,7
"shopee 8.8- săn voucher giảm 50%, giảm tới 1 triệu kèm freeship 0 đồng",2
son màu cam đất là gì? 10 thỏi son màu đẹp nhất được ưa chuộng,3
"năm 2024 ngày quốc tế thiếu nhi là ngày nào, thứ mấy?",7
nên chọn bài tập tăng sức đề kháng nào tại nhà hiệu quả nhất?,3
nên mua bếp từ hãng nào? top bếp tốt và tiết kiệm điện nhất,4
"cách tính điểm xét tốt nghiệp thpt năm 2024 chính xác, chi tiết",7
review thuốc nhuộm tóc l'oreal tốt không? lên màu đẹp không?,3
review mặt nạ the stem cell - giá rẻ có đi kèm chất lượng?,3
note ngay cách sử dụng máy hút ẩm hiệu quả trong mùa mưa ẩm ướt,7
full bộ code gun x mobile mới nhất cập nhật tháng 01/0204,0
"review top 5 loại nước tẩy trang không cồn dịu nhẹ, an toàn",3
tiết đại hàn là gì? đại hàn 2024 ngày nào? có rét không?,7
review kem trị nám mela q plus có tốt không? nên mua không?,3
mức lãi suất mbbank cập nhật mới và chính xác nhất năm 2024,6
review bông tẩy trang bạch tuyết calla bao nhiêu miếng?,3
thâm đỏ sau mụn là gì ? trị thâm đỏ như thế nào cho đúng?,7
"code bleach huyết chiến 08/2024 mới nhất, đầy đủ nhất",0
cách mua hàng chính hãng trên shopee bạn nhất định phải biết,2
cân điện tử mini có tốt không? gợi ý top 7 sản phẩm bán chạy nhất hiện nay,4
review chi tiết top 3 kem dưỡng ẩm vitamin e bán chạy nhất 2024,3
la roche posay sale điên đảo 50% - đây là bộ tứ siêu xịn sò không thể bỏ qua,3
sữa dưỡng thể st ives loại nào tốt? có gây mọc lông không?,3
kem chống nắng bị tách nước tại sao? dùng nguy hiểm không?,7
sách nuôi dạy con - cách dạy con thông minh,7
danh sách code đại chiến tiệm lẩu miễn phí mới nhất 08/2024,7
tiêm meso trị nám có thực sự tốt không? bao lâu có tác dụng?,7
review top 10 dầu gội bồ kết được yêu thích nhất hiện nay,3
hướng dẫn đăng ký mở thẻ tín dụng techcombank chi tiết nhất 2024,6
top 10+ dầu gội không chứa sulfate được tin dùng nhất hiện nay,3
có nên dùng ngũ cốc tăng cân cho người gầy? top 5 sản phẩm được ưa chuộng,3
reviews xịt khoáng la roche posay có tốt không? giá bao nhiêu?,3
kinh nghiệm đánh giá thực tế sử dụng fpt playbox (xem miễn phí 150 kênh truyền hình),7
100gr cá bao nhiêu calo? lượng calo chi tiết với từng loại cá,7
"review top 6 đồng hồ vạn năng tốt, bán chạy nhất 2024",4
[review thật] 3 dòng kem chống nắng altruist có đáng mua?,3
mách bạn một số cách làm trắng da tại nhà đơn giản,3
top 7 sản phẩm phấn tạo khối bán chạy nhất hiện nay,3
mụn đầu trắng là gì? hướng dẫn cách trị mụn đầu trắng hiệu quả,3
hướng dẫn mua sắm online trực tuyến hiệu quả nhất,7
dân số việt nam 2022 là bao nhiêu? việt nam đứng thứ bao nhiêu trên thế giới về dân số,7
vali mia giảm giá đến 50% khuyến mãi khủng nhất chỉ 599k,7
chì xé kẻ mày loại nào tốt? cách kẻ lông mày bằng chì xé,3
15 món quà tặng sinh nhật cho bé gái 3 tuổi ý nghĩa nhất 2024,5
review top 9 sữa tươi không đường cho bà bầu tốt nhất,5
số tổng đài shb finance 24/24 - hotline 24/7: 1900 2198,7
review serum angel's liquid7 day whitening program glutathione 700 v ampoule,3
review son lemonade supernatural - top những màu son đình đám,3
tình bạn là gì? 80 câu nói kinh điển về tình bạn,7
trẻ sơ sinh bị táo bón và cách mẹ trẻ xử lý êm đẹp,7
"giá, địa chỉ mua pháo hoa không tiếng nổ của nhà máy z121 tại 33 tỉnh thành",7
top quà lưu niệm việt nam cho người nước ngoài ý nghĩa nhất,7
top 10 bếp từ đôi tốt nhất nên sắm cho căn bếp nhà mình,4
review top 10 serum dưỡng da được ưa chuộng nhất hiện nay,3
bật mí shopee 25.3 - lương về sale to có gì hấp dẫn?,7
[trải nghiệm thật] review nước tẩy trang la roche posay cho da nhạy cảm có đáng tiền?,3
tất tần tật thông tin về son oferia hot nhất hiện nay,8
review sữa oggi có tốt không? có tăng cân không? có mấy loại,5
tổng hợp code phong thần mobile mới nhất 08/2024,7
nên mua máy lọc nước loại nào? xem ngay trước khi chọn máy lọc nước,7
"review thực hư kem trị mụn derma forte có trị mụn, mờ thâm như lời đồn?",3
"hướng dẫn cách tra cứu cmnd online nhanh, đơn giản nhất",7
dầu gội cho tóc dầu nào tốt? gợi ý top dầu gội tốt nhất cho da dầu,3
"top 5 siêu thị online uy tín, giao hàng nhanh khu vực hcm",1
"101+ stt đời công nhân nghèo, stt công nhân vất vả hay nhất",7
review ghế ăn dặm loại nào tốt? top 5 ghế ăn dặm nên mua,5
top 3 sữa rửa mặt innisfree được tin dùng nhất [mẫu mới],3
review 2 loại kem chống lão hóa laneige hiệu quả và được ưa chuộng nhất,3
essence chống nắng kiềm dầu dprogram là gì? có thực sự tốt không?,3
"review dầu tẩy trang hada labo an toàn, hiệu quả mà giá bình dân",3
"top 6 nhà nghỉ đồ sơn giá rẻ, chất lượng và đáng ở nhất 2024",7
ceo là gì? bật mí những điểm đặc biệt của ceo - ceo nghĩa là gì?,7
review kem dưỡng da tay hatomugi liệu có đáng mua?,3
"top 5+ máy làm bắp rang bơ tốt, giá thành hợp lý nhất nên mua",4
xin vía là gì? nhả vía là gì? liệu có hiệu quả thật không?,7
review top 8 serum làm đều màu da được yêu thích nhất 2024,3
có nên vay tiền kavay hay không? liệu kavay có lừa đảo người vay?,6
10+ cách làm đèn trung thu cho bé siêu đơn giản tại nhà mà đẹp mắt,7
review serum b5 smas có tốt như lời đồn? những ai nên sử dụng?,3
review top 10 nước súc miệng trị hôi miệng tốt nhất,3
đánh giá top 10 dầu xả cho nam cho mái tóc sạch mượt,3
hướng dẫn 4 cách tra cứu quá trình đóng bhxh nhanh và chính xác,7
review serum paula's choice niacinamide 20% có tốt không?,3
"review top 5 sản phẩm máy rửa xe mini giá rẻ, sử dụng tốt nhất",4
đánh giá máy tăm nước oral b có tốt không? có nên mua không,3
review sữa optimum gold 2 có tăng cân không? cách pha sữa?,5
"chiến dịch giảm rác thải mỹ phẩm cùng dear, klairs",3
hướng dẫn kiếm xu lazada - cách sử dụng xu trên lazada,7
review top 5 loại sữa chua cho bé 6 tháng bổ dưỡng,5
lgbt là gì? bí mật bạn chưa biết về lgbt?,7
top 14 địa chỉ xem tarot online và offline nói đâu chuẩn đấy,7
đánh giá top kem chống nắng kiehl's bán chạy nhất hiện nay,3
hướng dẫn 20+ cách nấu cháo cá hồi cho bé đầy đủ dinh dưỡng,7
review kẻ mắt lemonade có tốt không? nên dùng loại nào?,3
"top 100+ những bài hát karaoke bolero dễ hát, hay nhất mọi thời đại",7
"gợi ý 13+ kiểu tóc side part 6/4 ấn tượng, trẻ trung nhất",7
traveloka của nước nào? tất tần tật thông tin về traveloka,7
code world of stands mới nhất (08/2024) - cách nhập code,0
hướng dẫn nhập code ngôi sao thời trang 360mobi mới 2024,0
top những mẫu đồng hồ cặp đẹp nhất cho các cặp đôi,7
mascara maybelline đang được yêu thích có thực sự đáng dùng?,3
top 50+ mẫu hình xăm hoa hồng mini cực cá tính và nổi bật năm 2024,7
top 5 ghế rung cho bé đáng mua nhất trên thị trường hiện nay,5
review các loại nồi cơm điện tốt nhất hiện nay cho gia đình,4
"top 11 thầy phong thủy giỏi ở hà nội, uy tín, có tâm và chính xác",7
[cập nhật] full code rồng thần huyền thoại mới 08/2024 dùng được 100%,0
bình chọn top bia trái cây được yêu thích nhất tại việt nam,1
review smart tivi samsung có gì nổi bật? loại nào tốt?,4
review mascara estee lauder double wear zero-smudge,3
[trải nghiệm] review nước tẩy trang bí đao cocoon tốt không?,3
kinh nghiệm du lịch nhà thờ mằng lăng - điểm đến không thể bỏ qua tại phú yên,7
review các loại nồi nấu cháo chậm bear cho bé ăn dặm,4
review nước thần estee lauder micro essence treatment lotion có đáng đầu tư?,3
lex vn tracking là gì? cách kiểm tra đơn hàng của lazada express,7
"các loại hoa chưng tết hút tài lộc, may mắn, bình an",7
đánh giá top 5 kem chống nắng niacinamide tốt nhất hiện nay,3
nên mua điện thoại ở fpt shop hay thegioididong? tại sao?,7
"tin nhắn, lời chúc ngủ ngon cho crush, người yêu, bạn bè",7
adidas của nước nào? mua adidas hàng hiệu ở đâu chuẩn?,7
"trung bình cộng là gì? công thức trung bình cộng lớp 4, lớp 5?",7
"gợi ý mẫu hình xăm mini đẹp, dễ thương và ý nghĩa cho giới trẻ",7
top 10 máy lọc không khí sharp chính hãng tốt nhất,4
chè thái bao nhiêu calo? ăn nhiều chè thái có béo không?,7
nề nếp hay nền nếp? nhiều người sẽ trả lời sai câu này,7
kem trị mụn thái lan có tốt không? đánh giá 6 sản phẩm bán chạy nhất hiện nay,3
ship cod là gì? những điều cần biết về dịch vụ ship cod,7
"cách tra cứu đơn hàng fahasa đơn giản, nhanh chóng",7
khu mấn là gì? tru trốc là gì? cùng tìm hiểu,7
"25+ mẫu móng chân đẹp, đơn giản, dẫn đầu xu hướng 2024",7
top 1500+ những câu ca dao nói về quê hương đất nước hay nhất,7
review kem livy có tốt không? có phải là kem trộn không?,3
top 10 cốc tập uống cho bé yêu tốt nhất mẹ nên lựa chọn 2024,5
thiết bị định vị xe máy là gì? top 10 sản phẩm bảo vệ xe máy tốt nhất,7
đánh giá top 5 đèn xông tinh dầu đáng mua nhất 2024,3
"hướng dẫn cách sao kê online bidv nhanh chóng, đơn giản nhất",7
1500+ concept chụp hình tết với áo dài thần thái đẹp nhất 2024,7
top sản phẩm được ưa chuộng nhất của thương hiệu kerastase,3
"lazada sale tết 2024: giảm đến 50%, voucher 800k, freeship",7
đánh giá top 10+ bông tẩy trang an toàn tốt nhất hiện nay,3
thặng dư vốn cổ phần là gì? phương pháp quản lý hiệu quả,6
hướng dẫn chi tiết mở tài khoản chứng khoán vps từ a-z cho người mới,6
[cập nhật] link tải coin master global về máy tính,0
[tổng hợp] những bài cúng đầy tháng cho bé trai đơn giản nhất,7
"top những loại keo dán móng tốt, bám lâu nên mua 2024",3
"top 8 cọ tán son môi đẹp tự nhiên, đầu lông mềm mại nhất",3
"999+ lời chúc sinh nhật hài hước, ấn tượng mà ý nghĩa nhất",7
điểm danh top 15+ các loại sữa nổi tiếng dành cho bé,5
top 10 serum dành cho da khô tốt nhất được chị em tin dùng,3
review top 10+ kem chống nắng cho nam tốt nhất nên dùng 2024,3
"review nước tẩy trang byphasse giá rẻ, chất lượng thế nào?",3
review maybelline cushion fit me matte kiềm dầu tốt không?,3
"review top 10 cân sức khỏe chất lượng, đáng mua nhất 2024",3
review top 8 máy xay cho bé ăn dặm tốt nhất mà mẹ nên mua,5
"top 9 shop mua thực phẩm online hcm bình ổn giá, giao nhanh",1
tỉnh thành giàu nhất việt nam là tỉnh nào? top 5 tình giàu nhất,7
"doctordong bị công an bắt - thực hư hố tín dụng đen, lãi cắt cổ",7
review 2 kem che khuyết điểm maybelline nổi đình đám,3
top 8+ chảo chống dính bếp từ tiết kiệm điện tốt nhất nên mua,4
gợi ý top 8 lò vi sóng dưới 2 triệu đáng mua nhất,4
"4 mẹo cần nhớ để chọn mua tủ lạnh mini giá rẻ, phù hợp nhất",4
xúc xích bao nhiêu calo? cách ăn xúc xích không tăng cân?,7
"gợi ý 1999+ tên nhóm hay, ý nghĩa, độc đáo ân tượng nhất cho bạn",7
review top 7 sữa phát triển trí não cho bé tốt nhất 2024,5
bánh tráng bao nhiêu calo? so sánh lượng calo trong các loại bánh tráng?,7
nước hoa hồng klairs có mấy loại? loại nào phù hợp với bạn?,3
top 9 dầu gội thảo dược tự nhiên tốt đáng mua nhất 2024,3
review cách thử mật ong bằng hành lá liệu có chính xác?,7
guess it lazada - game đoán giá lazada có gì hot? cách chơi như thế nào?,7
gợi ý top 10 món mỹ phẩm bobbi brown bán chạy nhất hiện nay,3
20+ kiểu tóc layer ngang vai đẹp phù hợp với mọi gương mặt 2024,7
"review dầu gội thái dương, nên dùng loại nào tốt nhất?",3
review tinh chất keo ong cnp phục hồi có “đỉnh” như lời đồn?,3
top 7 trang web đặt phòng không cần thẻ tín dụng mới nhất 2024,7
cách hack blox fruit trên điện thoại/ pc mới nhất 2024,0
[update] toàn bộ code tây du vng mới nhất 08/2024 và cách nhập,0
gợi ý 15 quà sinh nhật cho bé gái 12 tuổi thiết thực nên mua,7
ăn lựu có tác dụng gì? những lợi ích tuyệt vời mà quả lựu mang lại,7
các bước chăm sóc da ban ngày và ban đêm không thể bỏ qua,3
"top 5 son trị thâm môi tốt nhất, đáng mua nhất hiện nay",3
review tẩy trang hoa cúc lucenbase soothing make up remover,3
peel da bao lâu thì rửa mặt? cách chăm sóc da sau peel,3
ra bưu cục nhận hàng shopee express được không? cần lưu ý gì?,7
"mascara bị khô phải làm sao? tips xử lý nhanh, đơn giản nhất",3
"1500+ stt tháng 6 hay, những câu nói về tháng 6 ý nghĩa nhất",7
lươn lẹo là gì? đâu là biểu hiện của sự lươn lẹo?,7
[mới] full code phong ma đạo sĩ 08/2024/ quà hấp dẫn,0
"địa chỉ văn phòng shopee tại hà nội, hồ chí minh ở đâu?",7
review son mac 982 là màu gì mà khiến chị em chao đảo,3
review top 8 sáp vuốt tóc nam tốt nhất được ưa chuộng 2024,3
[review] kem dưỡng ẩm embryolisse lait creme concentre có tốt không?,3
toner naturie hatomugi skin conditioner có thần thánh như lời đồn? review chân thực chất lượng toner ý dĩ,3
thuốc nhuộm tóc bigen có tốt không? top 6 dòng bán chạy nhất,3
đánh giá máy lọc nước primer uf88 có tốt không? có nên mua không?,4
đầu lọc nước tại vòi loại nào tốt? top sản phẩm đáng mua 2024,4
đừng uống c sủi khi chưa đọc bài viết này!,3
15+ kiểu tóc layer học sinh nữ đẹp hot trend được yêu thích 2024,7
review tẩy tế bào chết bio-essence có tốt không? cho da gì?,3
top 6 bình sữa thủy tinh loại nào tốt nhất cho bé năm 2023,5
top 9 lăn khử mùi không mùi tốt nhất không nên bỏ lỡ,3
microsoft access là gì? những thông tin cơ bản bạn nên biết,7
review kem mắt laikou nội địa trung chiết xuất hoa anh đào nhật bản,3
review 10 sản phẩm gối chặn cho bé tốt nhất giúp bé ngủ ngon,5
lá diêu bông là gì? lá diêu bông có thật ngoài đời không?,7
review 3 loại tẩy da chết cocoon có thực sự tốt không?,3
"cách đăng ký tiktok shop trên điện thoại, máy tính siêu dễ",7
hướng dẫn tra cứu hợp đồng bảo hiểm hanwha life nhanh gọn,7
review sữa meiji có tăng cân không? sữa meiji có tốt không?,5
"top 5 bộ trang điểm cá nhân đầy đủ tiện lợi, dễ dùng",3
top 10 quạt cây đẹp chạy êm và tốt nhất nên mua năm 2024,4
review mặt nạ foodaholic có tốt không? có đáng mua không?,3
sách là gì? làm thế nào để tăng hiệu quả đọc sách tốt nhất,7
virus máy tính là gì: tác hại và cách phòng chống virus,0
"8888+ những câu nói hay về tiền sâu sắc, đọc tới đâu thấm tới đó",7
10+ cách trị thâm đầu gối tại nhà đơn giản mà siêu hiệu quả,3
hướng dẫn các bước skincare cho da mụn buổi sáng và tối,3
nước hoa hồng có tác dụng gì? 10+ lợi ích bất ngờ không phải ai cũng biết,3
bài tập yoga giảm mỡ bụng siêu nhanh hiệu quả ngay tại nhà,7
xu hướng kiểu tóc nữ 2024 cho nàng đi chơi tết cực xinh,7
hướng dẫn cách bôi vecni fluor ngừa sâu răng cho bé đúng,5
"đầu năm đi lễ chùa: sắm lễ, khấn thế nào, cầu gì cho đúng?",7
des rate là gì trên facebook? khám phá trào lưu thú vị,7
"vc, vcc, vch là gì trên facebook - những ví dụ kinh điển",7
nấm tuyết là gì? có tác dụng gì? nấu món nào ngon?,1
kẻ mắt kiss me có mấy loại? review top 3 dòng bán chạy,3
review top 7 loại sữa non tăng cân cho bé tốt nhất,5
sữa mẹ vắt ra để ngoài có cần hâm nóng không? một số lưu ý?,5
top 15+ khách sạn huế giá rẻ chưa đến 500k cho chuyến du lịch,7
review top 10 kem nghệ trị sẹo uy tín nên dùng nhất hiện nay,3
review top 15 camera wifi tốt giá rẻ nhất hiện nay 2024,4
review top 7 thỏi son đỏ được phái nữ yêu thích nhất 2024,3
review sữa rửa mặt fixderma có tốt không? có bao nhiêu loại?,3
top 5 serum đặc trị từng vấn đề da từ thương hiệu bio-essence mà các cô nàng nên có ngay,3
top các loại mặt nạ tóc phục hồi hư tổn tốt nhất hiện nay,3
máy xông tinh dầu xiaomi có tốt không? top 4 sản phẩm bán chạy nhất,4
những “trợ thủ giặt là” đắc lực dành cho gia đình có trẻ nhỏ,4
bestme là gì? hướng dẫn cách mua hàng trên best me chi tiết,7
hướng dẫn cách chơi vận may 1k giúp bạn có cơ hội chiến thắng cao nhất,7
review top 9 loại sữa tăng cân cho bé 1 tuổi tốt nhất 2024,5
"tổng hợp địa chỉ, số điện thoại các cây atm mbbank tại hcm chính xác nhất",6
reviews men vi sinh bifina có tốt không? giá bao nhiêu? mua ở đâu?,3
1500+ những câu nói hay về học tập giúp bạn không ngừng học hỏi để thành công,7
top 1999+ ảnh bìa giáng sinh facebook đẹp nhất cho noel 2024,7
"cách đổi ngày bay vietjet: quy định, thủ tục, phụ phí 2024",7
review bột béo b one có tốt không? mua ở đâu?,1
eat clean là gì? giải đáp “tất tần tật” những thắc mắc về chế độ ăn eat clean,3
[chuẩn] xảy ra hay sảy ra: từ nào viết đúng chính tả tiếng việt?,7
top 10 đai địu trẻ em tốt nhất giá chỉ từ 200k nên mua,5
"bí mật ngày sinh 12 cung hoàng đạo nam, nữ - tính cách, tình yêu",7
review kem dưỡng da tay frudia tốt không sau 30 ngày sử dụng,3
sau khi nặn mụn kiêng ăn gì và nên ăn gì để tránh thâm sẹo?,3
hướng dẫn cách thanh toán bằng shopeepay cho người mới bắt đầu,7
"review toner pad beplain có tốt, có đáng để bỏ tiền không?",3
giải đáp: serum vitamin c bị oxy hoá có dùng được không?,3
top những địa điểm vui chơi ở sài gòn thú vị bậc nhất,7
review 3 tẩy trang nivea 2024 có tốt không? ai nên dùng?,3
bí kíp săn sale lazada giúp bạn săn được nhiều deal hot,7
review dầu gội khô batiste có thực sự tốt? mùi nào thơm nhất?,3
"tổng hợp 50+ mẫu cắm hoa bàn thờ đẹp, dễ cắm",7
"lời chúc mở hàng, khai trương đầu năm 2024 hồng phát hay nhất",7
"top các món đồ chơi âm nhạc cho bé rẻ, đẹp, bé yêu thích",5
"hướng dẫn tải app shopee, link tải ứng dụng shopee cho ios, android",0
top 10 dầu tẩy trang cho da dầu mụn an toàn và hiệu quả,3
review thực: kem dưỡng da tay nga silk oil xem có đỉnh như lời đồn?,3
"review top 10 kem trị nám cho tuổi 40 hiệu quả, đáng mua",3
top 5 thương hiệu nhà cửa - đời sống sale to lazada khuyến mãi 9.9,2
máy rửa xe gia đình loại nào tốt? top 5 máy rửa xe mini giá rẻ,4
review 10 mẫu màn chụp tự bung gấp gọn cho cả gia đình,4
dầu tẩy trang kose có mấy loại? loại nào phù hợp với bạn?,3
"vay thế chấp ngân hàng nào rẻ nhất, dễ nhất năm 2024?",6
hàng trăm chị em vẫn chưa biết máy hút sữa unimom có tốt không?,7
bộ dao lock&lock tốt không? top 5 bộ dao lock&lock nên mua,8
đánh giá top 2 máy rửa mặt halio bán chạy nhất 2024,3
"review mặt nạ derladie có giảm mụn, sáng da được như lời đồn?",3
"1500+ stt hay khi đăng ảnh vui, đi chơi, đại diện..hút nhiều like nhất",7
review dầu tẩy trang sulwhasoo có thật sự tốt và đáng tiền không?,3
dầu gội cho tóc uốn nam nào tốt? top sản phẩm đáng mua nhất hiện nay,3
review kinh nghiệm đi và giá vé cáp treo núi bà đen- tây ninh,7
hướng dẫn từ a-z các bước dưỡng da ban đêm đúng chuẩn,3
có nên dùng gia vị rắc cơm cho bé? top bột rắc cơm rong biển tốt nhất,5
"top 7 dầu gội bưởi ngăn rụng tóc, kích thích mọc tóc tốt nhất",3
nước rửa bình sữa wesser 500ml có tốt không? giá bán (2024),5
cách làm bánh trung thu nướng - bí quyết giúp bất kỳ ai cũng có thể thành công,7
review tinh chất ốc sên jumiso hot tiktok có tốt thật không?,3
chân thành hay trân thành? viết thế nào là đúng chính tả,7
đánh giá top 6 điện thoại giá rẻ dưới 1 triệu tốt nhất 2024,0
"cách mặc quần lót nam đúng chuẩn, thoải mái các bạn nên biết",3
"top 10 app học tiếng anh giao tiếp uy tín, hiệu quả tốt nhất hiện nay",7
review kem chống nắng missha hồng soft finish sun tốt không?,3
"kem trị mụn ẩn loại nào tốt? top 12 kem trị mụn, gel trị mụn ẩn tốt nhất",3
cập nhật chi tiết giờ làm việc mb bank trên toàn quốc mới nhất 2024,6
review top 10 kem chống nắng kiềm dầu được yêu thích nhất,3
cách làm sữa tươi trân châu đường đen the alley,1
review top 9 máy tiệt trùng bình sữa tốt nhất - bảng giá mới 2024,5
"code fruit battlegrounds cập nhật mới 08/2024: đá quý, phần thưởng miễn phí",0
review top 2 kem chống nắng neova được yêu thích nhất 2024,3
top 10 cushion cho da khô tốt nhất được ưa chuộng 2024,3
"10+ kiểu tóc mái bay layer thời thượng, cực xinh cho bạn nữ",7
hướng dẫn cách trồng tỏi tại nhà cực dễ dàng ai cũng làm được,7
tổng hợp các ngày lễ tháng 7 đặc biệt trong năm 2024 cần quan tâm,7
mụn là gì? phân biệt các loại mụn thường gặp,3
review má hồng rare beauty đẹp đến cỡ nào mà hot rần rần?,3
"100+ mẫu hình xăm rắn mini đẹp, ý nghĩa được yêu thích 2024",7
"cá tầm làm món gì ngon, dễ chế biến để đãi tiệc gia đình",1
cách chọn mua nước tẩy bồn cầu chất lượng an toàn chị em cần biết,7
[mới 2024] cách xem ai vào facebook của mình nhiều nhất cực nhanh,7
"sữa care 100 gold có tốt không? sữa tăng cân, chiều cao cho bé không?",5
cá cam làm món gì ngon? 11 món ăn siêu ngon từ cá cam,1
đánh giá sữa nan nga số 1 có tốt không? cho trẻ mấy tháng?,5
giảm cân cấp tốc trong 3 ngày: tưởng không giảm mà giảm không tưởng,3
có nên cho trẻ uống sữa tăng chiều cao? trẻ bao nhiều tuổi thì uống?,5
đẽ đàng nghĩa là gì? nguồn gốc và sự độc đáo trong cách sử dụng của nó,7
cập nhật hạn mức chuyển khoản tpbank mới nhất 2024,6
review sáp tẩy trang oh oh có tốt không? hợp với loại da gì?,3
mùng 1 nên mặc đồ màu gì 2024 để mang lại may mắn cả năm,7
kachi là thương hiệu nước nào? top sản phẩm kachi bán chạy nhất hiện nay,8
nghệ thuật tặng quà cho bạn trai - sự bất ngờ đến từ những điều giản đơn,7
siêu trí nhớ học đường là gì? có tốt không? giá bao nhiêu? mua ở đâu?,7
"shopee 15.9 voucher trước giờ g tới 300k, voucher đặc biệt tới 500k kèm freeship",7
review từ beauty blogger: routine cho da mụn với bộ sản phẩm esunvy,3
toner pad mediheal có tốt không? công dụng từng loại?,3
đậu phộng bao nhiêu calo? ăn nhiều có tốt không? có béo không?,7
xông đất là gì? ý nghĩa tục xông đất? chọn theo những tiêu chí nào,7
"100+ thực đơn 100k mỗi ngày cho gia đình 4 người, 6 người",1
độc quyền 12/12: clinique khuyến mãi - tặng bộ quà trị giá 1.990.000đ cho tất cả khách hàng,3
"top sim 4g data khủng, tốc độ cao, rẻ viettel, mobi, vina",7
so sánh 2 loại sữa rửa mặt cosrx được ưa chuộng hiện nay,3
full bộ code haze piece wiki [shadow] cập nhật 08/2024 mới nhất,0
top 10 kem lót trang điểm cho lớp nền không tỳ vết được yêu thích,3
cuddle là gì? cách thể hiện tình cảm không lời đầy ý nghĩa,7
review chi tiết serum vichy 89 mineral liệu có tốt như lời đồn?,3
"999+ stt về bầu trời bình yên, stt về bầu trời tâm trạng, caption bầu trời hay nhất",7
phân biệt toner và serum trong quy trình skincare,3
review top 10+ các loại ngũ cốc cho bà bầu tốt nhất,5
triệt lông mặt có tốt không? 3 cách triệt lông cho mặt tại nhà hiệu quả nhất.,3
"reivew sữa rửa mặt rosette xanh lá cho da dầu, mụn đầu đen có tốt không?",3
top 10 dụng cụ rơ lưỡi cho trẻ sơ sinh tốt nhất hiện nay,3
top 10 sách truyện tiếng anh cho bé chất lượng nhất,7
review xịt khóa nền 3ce có gì mà khiến chị em “điên đảo”,3
thời gian giao hàng shopee đến mấy giờ? chủ nhật có làm việc?,7
"review top 8 bột ngọt ăn dặm cho bé thơm ngon, bổ dưỡng",5
đánh giá lò vi sóng đối lưu thông minh xiaomi mijia blxe1,4
3 cách đăng xuất coin master nhanh trong 1 nốt nhạc,7
công thức tính diện tích hình bình hành & các dạng bài tập,7
nhà sách tiki là gì? nhà sách tiki offline tổ chức ở đâu? diễn ra khi nào?,7
cách tắt phần mềm diệt virus win 10 chi tiết nhất 2024,0
máy vắt cam sharp có tốt không? top sản phẩm nên mua 2024,4
review kem chống nắng la roche posay anthelios xl dry touch gel-cream spf 50+ uvb & uva,3
"20+ kiểu tóc mullet layer nữ đẹp, trẻ trung, năng động nhất 2024",7
038 là mạng gì? những thông tin không nên bỏ lỡ về đầu số này,7
review tinh chất bí đao cocoon có tốt không? giá bao nhiêu?,3
dư dả hay dư giả dùng từ nào mới đúng chính tả tiếng việt?,7
toàn bộ code anime defense miễn phí mới nhất 08/2024,7
tại sao nên dùng và tiêu dùng theo phong cách của chanhtuoi và tại sao không nên làm điều đó?,7
review tinh chất b320 ultra corrective booster dưỡng da sáng khỏe mờ thâm của bioverse,3
xịn sò hay xịn xò? sự nhầm lẫn trong cách viết dùng và cách viết đúng,7
"gợi ý top 11 ổ cắm hẹn giờ điện tử, ổ cắm điện hẹn giờ cơ tốt, giá rẻ",4
tổng hợp bảng mã lỗi máy giặt toshiba và hướng dẫn khắc phục,4
tiểu đường là gì? tất cả những điều bạn cần biết về bệnh tiểu đường,3
làm gì khi hồ sơ vay fe credit bị từ chối? bí kíp lách luật fe,7
"top 10 kem và thuốc trị rạn da tuổi dậy thì hiệu quả, an toàn nhất",3
đánh giá top 6 kem đánh răng closeup bán chạy nhất 2024,3
toàn bộ code liên minh stickman miễn phí mới nhất 08/2024,7
review top 10 serum cho nam chăm sóc da toàn diện,3
"chi tiết thủ tục đăng ký xe máy: trình tự, lệ phí cập nhật mới 2024",7
đánh giá máy lọc nước karofi iro 2.0 có gì đặc biệt?,8
"top 3 dầu gió tốt nhất, bán chạy nên mua năm 2024: review az",7
hướng dẫn 4 cách làm sữa chua dẻo đơn giản tại nhà,7
đẻn là con gì? con đẻn có độc không? có ăn được không?,7
octocrylene là gì? octocrylene có tác dụng gì trong mỹ phẩm?,3
"lazada 11.11.2024: voucher 800k, giảm đến 50%, trợ giá 3tr",2
top 11 kem tẩy lông nách an toàn và hiệu quả nhất dành cho chị em,3
dha cho bà bầu loại nào tốt? cách sử dụng dha hiệu quả nhất,5
"khay úp bình sữa cho bé có nên mua? top 9 giá úp, hộp đựng tốt nhất",5
hướng dẫn cách chặn app vay tiền truy cập danh bạ nhanh nhất,6
tìm hiểu qwerty là gì ? những điều bất ngờ bạn chưa biết về nó 2024,7
sưu tập card/lomo card blackpink: giá bao nhiêu? bán ở đâu?,7
viên chống nắng mivolis carotin có tốt không? review a-z,3
"top 10+ địa chỉ mua nước hoa tại việt nam uy tín, chính hãng",7
mã giới thiệu shopee là gì? cách sử dụng mã giới thiệu đặt hàng shopee,2
review viên uống dhc có tốt không? nên mua loại nào?,3
taluy là gì? khái niệm taluy âm và taluy dương là gì,7
review nước tẩy trang senka có tốt không? nên mua loại nào?,3
top 5 nồi lẩu điện hàn quốc được tin dùng hiện nay,4
"đá mài dao là gì? top 8+ đá mài dao tốt, giá thành hợp lý nhất nên mua",4
hướng dẫn nâng cấp tài khoản poke & tổng hợp code quà tặng,0
tổng hợp top 10+ kiểu tóc side part 5/5 nam đẹp và thời thượng nhất,3
hạt sầu riêng có ăn được không? những món ăn ngon không thể cưỡng từ hạt sầu riêng,7
review top 7 máy in màu giá rẻ tốt nhất nên mua năm 2024,7
"99+ stt chia tay vì không hiểu nhau, dù còn yêu còn thương ngắn và chất",7
tìm hiểu vì sao trẻ biếng ăn suy dinh dưỡng và cách giải quyết,7
review top 8 sản phẩm xịt phồng tóc chất lượng nhất 2024,3
tổng hợp các phím tắt trong excel thông dụng dân văn phòng nào cũng phải biết,7
hướng dẫn: cách bật chế độ tối trên facebook nhanh chóng,7
"số điện thoại tổng đài ngân hàng chính sách xã hội, hotline cskh 24/7",7
top phim hài thái hay nhất mang lại tiếng cười thả ga cho bạn,7
review dưỡng chất căng mướt da l’oréal paris có thực sự tốt như lời đồn?,3
review từ a - z son bbia 03 là màu gì? loại da nào nên sử dụng?,3
review máy xay thịt lock and lock loại nào tốt,4
rau rút nấu món gì? gợi ý 6 món ngon từ rau rút dễ làm tại nhà,1
top 10 kem chống nắng nhật bản được yêu thích nhất hiện nay,3
review top 10 khách sạn 4 sao đà nẵng tốt nhất 2023,7
hoa cúc trắng có ý nghĩa gì? những điều bạn chưa biết về loài hoa này,7
đánh giá top 5 dầu gội tsubaki và dưỡng tóc bán chạy nhất,3
"sưu tầm stt hài hước về tài xế, stt lái xe thả thính cực độc",7
1500+ stt buông bỏ hay nhất để bạn cảm thấy nhẹ lòng,7
giải mã nốt ruồi son trong lòng bàn tay: tốt hay xấu?,7
top 30+ mẫu hình xăm hoa sen mini đẹp và ý nghĩa 2024,7
review top 11 viên uống bổ sung kẽm tốt nhất chăm sóc da hiệu quả,3
tải ngay 1999+ hình ảnh giáng sinh đẹp nhất chuẩn full hd cho noel 2024,7
review serum vàng 24k navacos có tốt như lời đồn hay không?,3
review viên uống thơm miệng breath pearls có tốt như quảng cáo?,3
review dầu tẩy trang biore được yêu thích nhất hiện nay,3
hướng dẫn cách pha sữa meiji chuẩn nhật các loại cho bé,5
review peel da the ordinary aha 30% bha 2% có có tốt không?,3
"review toner numbuzin no.1 làm dịu, dưỡng da từ rau má",3
dấu hiệu và cách điều trị viêm nang lông vùng kín an toàn hiệu quả,3
"top tai nghe bluetooth samsung tốt nhất, giá rẻ đáng mua 2024",0
top 10 mascara chân mày được săn đón nhất hiện nay,3
vì sao kem chống nắng anessa mild milk là lựa chọn số 1 cho da nhạy cảm?,3
review sữa rửa mặt compliment no problem rẻ nhưng có tốt?,3
sữa bầu vào con không vào mẹ loại nào tốt và dễ uống nhất?,5
"review top 10 dầu tẩy trang tẩy sạch, dịu da, đáng mua nhất",3
[review] top 5 serum la roche posay được yêu thích nhất 2024,3
top 5 chiếu điều hòa cao cấp bán chạy nhất hiện nay bạn nên biết,7
review kem trị nám dongsung mẫu mới có tốt không? giá bao nhiêu?,3
toàn bộ code pet fighting simulator mới nhất 08/2024,7
review top 3 kem nền makeup forever được yêu thích nhất 2024,3
sữa non tiểu đường mamigo có tốt không? giá bao nhiêu? mua ở đâu?,3
credy là gì? có nên vay credy không? cách vay tiền credy nhanh nhất,6
wibu là gì? những điểm đặc biệt của một wibu,7
hướng dẫn: bôi vitamin c bao lâu thì bôi kem chống nắng?,7
review sữa rửa mặt medimix sạch sâu cho da dầu có tốt không?,3
eset nod32 antivirus là gì? có tốt không? có nên cài cho máy,0
hướng dẫn mở tài khoản doanh nghiệp techcombank online 2024,7
top 10+ mẫu cắm hoa lay ơn đẹp trang trí cho dịp tết,7
"review son mac 998 - màu cam cháy trendy, đẹp mê mẩn",3
boba credit lừa đảo liệu có phải sự thật? có nên vay app này,6
99++ bức tranh tô màu con voi đẹp nhất cho bé mới tập tô,7
cách xóa tài khoản mbbank online trên điện thoại cực đơn giản,6
"máy hàn điện tử loại nào tốt nhất hiện nay: hồng ký, jasic, weldcom?",7
top 8 món ăn vặt ít calo để bạn ăn mãi không béo,3
cách tạo tài khoản ngân hàng siêu đơn giản trên điện thoại,6
review du lịch tự túc: những địa điểm vui chơi ăn uống khi du lịch phú quốc,7
nước hoa authentic là gì? top 7 chai nước hoa auth được săn đón nhất,3
review sữa chống nắng biore uv perfect milk có tốt không?,3
đánh giá top 2 nước tẩy trang la roche posay bán chạy nhất 2024,3
mách bạn những món xào ngày tết ăn ngon không lo bị ngấy,7
black rouge a50 là màu gì? chất son thực tế như thế nào?,3
lời chúc đêm giao thừa hay và ý nghĩa xuân giáp thìn 2024,7
tổng hợp hạn mức rút tiền atm 12 ngân hàng phổ biến hiện nay?,6
mặt mụn có nên dùng kem chống nắng không? tại sao?,3
top 8 điều hòa daikin 9000 tiết kiệm điện giá rẻ nhất hiện nay,4
lần đầu trải nghiệm son silkygirl đến từ singapore & review chân thật,3
review serum cà chua xanh sungboon có tốt không? cho da gì?,3
review 3 nước hoa hồng ma:nyo gây bão cộng đồng mạng 2024,3
tummy time là gì? 4 bài tập nằm sấp tốt nhất với trẻ sơ sinh,5
review top 10 đồng hồ thông minh trẻ em bán chạy nhất 2024,0
văn khấn tết thanh minh đầy đủ và chính xác nhất 2024,7
via facebook là gì? via facebook được sử dụng làm gì?,7
playboy là gì? playgirl là gì? ý nghĩa thực sự về từ này là gì?,7
dầu dưỡng da là gì? các loại dầu dưỡng da chiết xuất 100% thiên nhiên,3
sữa ensure gold lốc 6 chai giá bao nhiêu? địa chỉ mua sữa chính hãng?,5
top 10 truyện tranh tiếng anh cho bé giúp bé học tốt tiếng anh,5
"note ngay thực đơn cho bé 1 tuổi đủ dinh dưỡng, tăng cân đều",7
hướng dẫn du lịch vinpearl đà nẵng: ăn chơi ngủ nghỉ a đến z,7
homecredit là công ty gì? vay tiền homecredit có lừa đảo không?,6
top 10 sữa phát triển toàn diện cho trẻ sơ sinh tốt nhất,5
review top 10 men tiêu hóa cho trẻ sơ sinh tốt nhất 2024,5
bát ăn dặm cho bé loại nào tốt? top 10 bán chạy nhất 2024,5
review xịt khoáng vichy có tốt không? giá và tác dụng xịt khoáng của vichy,3
review top 5 quạt tích điện dành cho gia đình đáng mua nhất hè 2024,4
review sữa enspire xanh cho bé từ 0-12 tháng có tốt không?,5
differin trị mụn gì? tác dụng và kinh nghiệm dùng differin hiệu quả nhất,3
top 3 toner christian lenart “ đáng đồng tiền bát gạo” nhất hiện nay,3
cách rút tiền từ ví vnpay về tài khoản ngân hàng 2024,7
review kem dưỡng da tay q10 nhật bản: nên dùng màu nào?,3
bị mụn nên kiêng ăn gì và nên bổ sung thực phẩm nào?,3
tư vấn chọn mua đèn sưởi nhà tắm loại nào tốt nhất hiện nay 2024,0
"top 8 serum tái tạo da tốt, đáng đồng tiền bát gạo nhất 2024",3
top 4 nước mắm cho bé an toàn và phù hợp cho bé ăn dặm,5
"tên gọi các mốc kỷ niệm ngày cưới và stt, quà tặng ý nghĩa",7
vàng 10k là gì? có nên mua và sử dụng vàng 10k không?,7
review kem dưỡng da tay l'occitane mùi nào thơm nhất?,3
trứng thanh trùng ovovita là gì? có tốt không? giá bao nhiêu?,3
giải đáp: bôi kem chống nắng trước hay sau kem trị nám?,7
"top 7+ cửa hàng điện thoại uy tín: giá tốt, chất lượng cao",0
review top 3 chống nắng la roche-posay anthelios uv mune 400,3
"cách tắt ứng dụng chạy ngầm win 10 hiệu quả, đơn giản nhất",0
999+ gợi ý đặt tên con trai họ lê năm 2024 hay và hợp mệnh,5
"ngân hàng vpbank lừa đảo? chiêu trò, thủ đoạn của kẻ mạo danh",6
"top 4 máy tăm nước procare tốt nhất hiện nay, chăm sóc sức khỏe gia đình bạn",3
tuyển chọn những bài hát karaoke hay cho nam hay nhất 2024,7
"tổng đài eximbank, hotline cskh ngân hàng eximbank 24/7 nhanh",7
top 10 kem dưỡng trắng da mặt cho da dầu đáng mua,3
"tất tần tật về vinpearl nha trang: ăn, chơi, ngủ, chi phí",7
review miếng dán trắng răng crest có mấy loại? loại nào mạnh,3
sữa rửa mặt cetaphil có mấy loại? xem review chi tiết,3
giờ làm việc viettel post như thế nào? làm việc thứ 7 không?,7
top 10 giỏ đựng đồ đi sinh tiện ích cho mẹ chuẩn bị đồ,5
tổng hợp bảng mã lỗi máy giặt panasonic và hướng dẫn khắc phục,4
dầu gội cho tóc uốn là gì? 10 sản phẩm được ưa chuộng nhất,3
"1999+ cap, stt hay về nụ cười toả nắng thả thính hút like",7
thạch giảm cân jelly slim tốt không? cách dùng thạch jelly slim giảm cân hiệu quả,3
mỹ phẩm dashu là gì? đánh giá top 10 mỹ phẩm bán chạy nhất của dashu,3
cashspace là gì? thông tin cashspace lừa đảo có phải sự thật?,6
dưa leo bao nhiêu calo? cách ăn dưa leo giảm cân tốt nhất,7
review kem chống nắng ultrasun: chất lượng thật hay pr lố?,3
"500+ lời chúc mừng sinh nhật sếp hay, ý nghĩa tạo ấn tượng mạnh với sếp",7
hạn mức chuyển tiền vietinbank bao nhiêu? cách nâng hạn mức nhanh nhất,6
mụn ẩn là gì? cách điều trị đơn giản mà hiệu quả tại nhà,3
"1001+ stt về sự quan tâm, nhắc khéo người ấy của bạn",7
kem body collagen x3 có tốt không? giá bao nhiêu? cách sử dụng thế nào?,3
"giá vé, thời gian mở cửa công viên biển hà nội mới nhất 2024",7
"review 3 tuần trải nghiệm, retinol của zakka natural có thực sự êm, giảm mụn, căng da?",3
tinvay là gì? có nên vay tiền tinvay hay không? liệu có bị lừa đảo?,6
review 10+ dầu gội kiềm dầu cho nam tốt nhất nên mua,3
review nước tẩy trang aisasea rau má rẻ nhưng có tốt?,3
top 7 khoá học content marketing mà bạn không nên bỏ qua,7
đánh giá galaxy note 8 tím khói - có nên mua hay không?,8
thuốc uống trị mụn là gì? có hiệu quả không? có nên dùng viên uống trị mụn?,3
review 2 loại sữa rửa mặt ohui được ưa chuộng nhất,3
review 2 máy tăm nước halio có tốt không? nên dùng loại nào?,3
"những cách đồng ý lời tỏ tình cực khéo, cực tinh tế",7
review kem chống nắng bioderma có mấy loại? dùng có tốt không?,3
review sữa rửa mặt clarins có tốt không?,3
"1500+ stt cố gắng hay, ý nghĩa giúp bạn vượt qua khó khăn",7
kinh nghiệm chuẩn bị đồ cho bé đi du lịch mùa hè đảm bảo không sót thứ gì,7
"15+ cách phối đồ với chân váy xếp ly dài đẹp, hack dáng cực đỉnh",7
review dung dịch vệ sinh femfresh có tốt? công dụng từng màu?,3
top 6 sản phẩm the auragins bán chạy được yêu thích 2024,3
"25+ món quà tặng thầy cô nhân ngày họp lớp ý nghĩa, thiết thực",7
"hướng dẫn cách bán hàng trên shopee, cách đăng ký, đăng bán từ a đến z",7
vắt sổ là gì?có những loại máy vắt sổ nào? những lối khi sử dụng máy vắt sổ,7
làm sao để tập yoga hiệu quả? có những bài tập nào để giảm cân với yoga,7
review top 10 kem dưỡng ẩm cho da khô nhạy cảm đáng mua nhất 2024,3
"giáng sinh nên tặng quà gì? top 5 quà noel ý nghĩa nhất cho bạn bè, người yêu",7
sữa tắm cho bà bầu loại nào tốt? gợi ý top 10 sữa tắm an toàn nhất,5
đánh giá top 7 máy bơm nước gia đình tốt nhất,4
"tổng hợp stt bình yên nhẹ nhàng, sâu lắng xoa dịu tâm hồn khi mệt mỏi",7
"review phấn nước klavuu xanh, xám: nên mua loại nào tốt?",3
vàng non là gì? vàng non có bị xỉn màu không? có nên mua vàng non không,7
thả thính là gì? giải mã bí ẩn mánh lới thu hút crush của giới trẻ,7
"hồ sơ, thủ tục mua trả góp máy lạnh điện máy xanh và sp khác",7
nên nấu ăn bằng nồi gì ngon nhất và an toàn nhất hiện nay?,7
hướng dẫn cách tạo quần áo trong roblox chi tiết nhất 2024,0
review kem chống nắng moonlook tốt không? có dưỡng trắng da?,3
top 10 sách dạy xem tử vi hay nhất cho người mới bắt đầu,7
shopee 25.5 săn sale cuối tháng cùng hàng ngàn voucher hấp dẫn,7
review top 7 chậu gội đầu tại giường tốt nhất nên mua năm 2024,4
shop-to-earn tiki mua sắm có lời- nhận thưởng astra cực hot từ tiki,2
giờ làm việc của ngân hàng việt nam cập nhất mới nhất 2024,7
kem nền zeesea tốt không? top 3 kem nền zeesea đáng mua nhất,3
review top 10+ serum vitamin c tốt nhất hiện nay nên chọn,3
kem trị mụn la roche posay có tốt không? đánh giá chi tiết từng loại,3
"1000+ những câu đố vui hài hước, hại não có kèm đáp án [mới]",7
đơn phương là gì? có nên cố chấp một tình yêu đơn phương không?,7
top 3 địa điểm cắm trại đà lạt miễn phí ô tô vào ít người biết đến,7
đồng kiểm shopee - những quy định cả người bán lẫn người mua nên biết,7
"các ngày lễ, sự kiện, kỷ niệm quan trọng trong tháng 10/2023",7
tổng đài vib là gì? cách liên hệ với ngân hàng vib nhanh nhất,7
sữa enfamil a+ neuropro và lợi ích đáng giá mà mẹ cần biết,5
"100+ mẫu hình xăm ở bắp tay nữ mini cực đẹp, cực chất",7
"bánh gạo bao nhiêu calo? top 8 bánh gạo ít calo, không béo",7
hướng dẫn cách giặt giày bằng máy giặt sạch từng vết bẩn,7
ví vnpay có an toàn không? có tốt không?,6
mbbank internet banking là gì? cách đăng ký và sử dụng nhanh nhất,6
sữa tắm tẩy tế bào chết là gì? 8 sản phẩm bán chạy nhất hiện nay,3
"top 8 thuốc xịt mọc tóc, tinh dầu kích thích mọc tóc hiệu quả nhất 2024",3
top 10 phấn phủ dạng bột tốt nhất giúp lớp nền lâu trôi,3
quy đổi inch sang feet chính xác - công cụ hỗ trợ online,7
máy tính bảng xiaomi có tốt không? top sản phẩm đáng mua 2024,0
đánh giá top 10+ loại lăn khử mùi hiệu quả nhất hiện nay,3
"top 7 sơn dưỡng móng tay hiệu quả, được yêu thích nhất",3
"đánh giá top 10 mỹ phẩm naruko tốt, bán chạy nhất năm 2024",3
"top 100+ stt hoa giấy, thả thính hoa giấy hay, ấn tượng nhất",7
broad spectrum là gì? kem chống nắng phổ rộng có tốt?,3
top 8 nước hoa mùi ngọt thơm lâu được chị em ưu ái nhất,3
top lý do bạn cần có một đôi giày bitis hunter cho mình!,7
"lời chúc mừng năm mới hay, stt chúc tết, tin nhắn mừng năm mới ngàn like",7
"top 7 địa chỉ vay 5 triệu trả góp 6 - 12 tháng, lãi hấp dẫn",6
2952 nghĩa là gì? đi tìm câu trả lời chính xác nhất,7
son tint là gì? gợi ý top 10 son tint đẹp nhất năm 2024,3
review mỹ phẩm age 20's có tốt không? top sản phẩm bán chạy,3
top 5 ứng dụng điện thoại giảm cân tại nhà đơn giản hiệu quả dành cho người bận rộn,7
top 6 máy cắt nhôm 2 đầu giá rẻ - máy cắt nhôm hai đầu tầm trung - máy cắt nhôm 2 đầu cao cấp,7
review kem dưỡng da tay hih của nhật có tốt không? có nên mua?,3
review kem dưỡng medi peel bio intense glutathione white cream,3
cộng tác viên viết bài là gì? top 15+ website tuyển dụng ctv viết bài online tại nhà lâu dài,7
"top mẫu thiệp 8/3 độc đáo, ý nghĩa cho ngày quốc tế phụ nữ",7
"1500+ stt vĩnh biệt người thân cảm động, xoa dịu nỗi đau",7
"máy vắt cam loại nào tốt, rẻ? review top 5 sản phẩm bán chạy",4
"review tinh dầu bio-oil có giúp trị rạn da, mờ sẹo, an toàn cho mẹ bầu?",3
top 10+ spa trị mụn uy tín tphcm được đánh giá 5 sao,3
review kem chống nắng ehd có tốt không? của nước nào?,3
hentai là gì? truyện tranh hentai nhật bản hấp dẫn như nào?,7
tổng đài ngân hàng liên việt post bank| số hotline cskh 24h miễn phí,7
tổng hợp 99+ những lời chúc 8/3 hay nhất (mới nhất 2024),7
1 quả trứng gà bao nhiêu calo? ăn trứng gà nhiều có tốt không?,7
review kem chống nắng cnp laboratory tone up có tốt không?,3
thạch dừa bao nhiêu calo? cách làm thạch dừa không tăng cân tại nhà,7
"[2024] kích thước hành lý xách tay vietjet, phí mới nhất",7
tổng đài acb là gì? cách liên hệ với tổng đài cskh acb nhanh,7
review bột ăn dặm bledina có tốt không? vị nào ngon?,5
smartbank mbbank là gì? địa chỉ ở đâu? cách giao dịch như nào?,6
lễ giáng sinh 2022: vào ngày nào? những thông tin cần biết,7
"999+ stt về màu hồng hài hước, cap thả thính về màu hồng",7
review chi tiết lịch trình du lịch nha trang 4 ngày 3 đêm tự túc,7
top 10 shop bán mỹ phẩm nội địa trung uy tín trên shopee,3
top 10 mỹ phẩm lazada sale khủng không nên bỏ lỡ trong 11.11,2
review top 4 kem chống nắng thái lan được ưa chuộng nhất,3
xịt khoáng avene có tốt không? giá bao nhiêu? cách dùng hiệu quả?,3
flex là gì mà rần rần cõi mạng? bạn đã từng flex chưa?,7
phân biệt đào bích là gì? đào phai là gì? nên mua loại nào?,7
tổng hợp 50+ câu chúc tết 4 chữ ý nghĩa dành tặng người thân năm 2024,7
"những câu nói hay về cha, stt tình phụ tử hay và tình cảm",7
"review, so sánh các dòng máy tiệt trùng fatzbaby sấy khô uv, hơi nước",5
top 10 kem trị sẹo thâm tốt nhất được khuyên dùng giúp mờ sẹo trắng da,3
mỹ phẩm ohui có tốt không? top mỹ phẩm ohui tốt nhất nên mua,8
"20+ mâm cúng đầy tháng bé gái đơn giản, mang lại nhiều may mắn",7
review dung dịch vệ sinh intima có tốt không? có mấy loại?,3
kamo là công ty gì? vay tiền kamo có lừa đảo khách hàng không?,6
review kem che khuyết điểm the saem có tốt như lời đồn?,3
"cap, stt về tình bạn hài hước ngắn chất ngầu đầy ấn tượng",7
review bảng màu son merzy noir có đẹp không? lên màu thế nào,3
"top 9 các hãng vali tốt giá rẻ, màu sắc trẻ trung nhất",7
review bột ăn dặm ridielac có tốt không? lưu ý khi sử dụng,5
review xịt khử mùi ô tô meguiars có tốt không? mua ở đâu?,7
logo mbbank có ý nghĩa gì? file tải logo mbbank vector mới nhất,6
bỏ túi top kinh nghiệm chọn mua iphone cũ năm 2024,0
đặt tên con trai họ trần năm 2024 hay và hợp phong thủy,5
ủ tóc collagen là gì? có hiệu quả không? loại dầu ủ tóc nào tốt nhất?,3
top 10 xịt khoáng cho da khô hiệu quả nhất hiện nay,3
"top 7 thuốc duỗi tóc tại nhà chất lượng, an toàn 2024",3
tấm chiếu mới là gì? tấm chiếu mới chưa từng trải đời là sao,7
review tinh chất mise en scène perfect serum cho tóc uốn có tốt?,3
cập nhật cách mở tài khoản acb online nhanh nhất,7
review 2 loại nước tẩy trang pond's đang được yêu thích nhất,3
có nên mua tủ lạnh trên tiki? chất lượng của tủ lạnh trên tiki?,7
[update] top 10 tiểu thuyết tình yêu hay nhất mọi thời đại,7
review kem trị nám dr. baumann bleaching cream có tốt như lời đồn?,3
review 2 dòng nước hoa hồng la roche posay đình đám nhất hiện nay,3
daesang là gì? daesang gồm những giải thưởng gì? ý nghĩa và phân loại,7
review chi tiết hãng mỹ phẩm lucenbase: ngon - bổ - rẻ,3
full code da hood mới nhất 08/2024 cho game thủ: free cash,7
review son bbia 04 - màu son tự nhiên khiến nàng say đắm,3
review top loại sữa nanocurcumin tốt được tin dùng nhất,5
cách bày trí mâm ngũ quả trung thu đơn giản mà đẹp - làm cực dễ,7
bật mí cách đắp mặt nạ tinh bột nghệ trị nám hiệu quả nhất,3
rau bép là gì? các món ngon từ rau bép dễ làm tại nhà,1
dầu khoáng trong mỹ phẩm có thực sự đáng sợ?,3
bảng chiều cao cân nặng của trẻ chuẩn who bé trai và gái,5
"ngày gia đình việt nam là ngày nào? nguồn gốc, ý nghĩa?",7
8 dòng nước hoa cao cấp “đáng đồng tiền bát gạo” mà bạn không nên bỏ lỡ,3
xếp hạng top nhân vật mạnh nhất trong genshin impact,0
gato là gì? nên sử dụng từ gato trong những trường hợp nào?,7
review dầu tẩy trang klairs có tốt không? nên mua không?,3
hướng dẫn nâng hạn mức chuyển khoản vietinbank nhanh nhất,6
1 gói mì bao nhiêu calo? ăn nhiều mì tôm có tốt không,7
nước hoa ck one có thực sự “thần thánh” như lời đồn? review thực tế nên đọc,3
dầu gội phủ bạc sin hair có tốt không? mua ở đâu? giá bao nhiêu?,3
jeff là gì? vay tiền jeff online nhanh có lừa đảo không?,6
"top 15+ app tính calo thức ăn chính xác, hiệu quả nhất hiện nay",7
review xịt chống muỗi plasmakare có gì tốt mà các hot mom chọn lựa,5
tổng hợp địa chỉ cây atm mbbank tại hà nội chính xác nhất 2024,6
bạch nguyệt quang là gì trong tình yêu? nỗi khát vọng tình yêu,7
vay tiền zaimoo uy tín không? cách vay tiền nhanh zaimoo duyệt 100%,6
leap day là gì? vì sao 4 năm mới có ngày 29/2? ý nghĩa gì?,7
spotlight là gì? chiếm spotlight có ý nghĩa gì,7
sơ đồ ghế máy bay vietjet. kinh nghiệm chọn chỗ cho người mới đi lần đầu,7
review top 8 camera wifi trong nhà tốt nhất nên mua,4
chính thức: giá vé concert blackpink bao nhiêu tiền việt nam?,7
tháng 6 có ngày lễ gì? các ngày lễ tháng 6 quan trọng nhất 2024,7
"cách mạng tháng 10 nga: nguyên nhân, diễn biến, ý nghĩa, kết quả",7
review kem chống nắng martiderm có tốt không? nên mua không?,3
cozmo money - hướng dẫn chi tiết vay cozmo 20 triệu online,7
tips dùng retinol hiệu quả giúp da căng bóng chuẩn nhật?,3
hộp đựng rau củ trong tủ lạnh có cần thiết không? loại nào tốt nhất?,4
top 5 kem nở mông chị em nên tham khảo trước khi mua,3
"20+ kiểu tóc húi cua chất, hot nhất các bạn nam nên thử 2024",7
nêu và phân tích giá trị vẻ đẹp trong bài thơ chị em thúy kiều,7
đánh giá top 5 thảm xốp cho bé tốt nhất nên mua năm,5
vay tiền chỉ cần cmnd và hộ khẩu photo liệu có rủi ro gì không?,6
cách không bị đau núm ti khi cho con bú mẹ trực tiếp,5
"viên uống giảm mụn, chắc khỏe tóc, móng l-cystine b6 actidem có hiệu quả như lời đồn?",3
review thực tế kem trị nám dongsung có thật sự hiệu quả?,3
trên tình bạn dưới tình yêu là gì? có nên tiếp tục,7
"top 5 cách làm bánh tiêu bằng bột mì vàng rụm, thơm ngon tại nhà",1
nên mua máy hâm sữa loại nào? review 10 dòng máy tốt nhất 2024,5
top 10 loại nước giải khát chất lượng được ưa chuộng nhất việt nam!,1
top 12 nước ép tăng sức đề kháng phòng chống virus,3
top 10 thỏi son màu đỏ tươi các nàng nên sở hữu năm 2024,3
hotline shopee là gì? làm thế nào để liên hệ với tổng đài shopee nhanh nhất,7
review kem dưỡng ẩm latotic 75ml cho bé viêm da cơ địa,3
thăm ngàn là gì? kẹp ngân là gì? tại sao giới trẻ lại hay sử dụng những từ này,7
tảo hôn là gì? những hậu quả nghiêm trọng của việc tảo hôn,7
review 4 loại serum sulwhasoo có tốt không? mua ở đâu?,3
"40+ cách phối đồ noel đẹp, thu hút mọi ánh nhìn trong lễ giáng sinh",7
"hướng dẫn, cách đặt phòng khách sạn qua agoda.com",7
top 10 kem dưỡng trắng da mặt giá học sinh đáng mua,3
rizz là gì? trào lưu rizz trên tiktok có gì đặc biệt?,7
khai bút đầu năm 2024 ngày giờ nào? nên viết gì để cả năm may mắn?,7
"nám nội tiết: nguyên nhân, biểu hiện và cách điều trị",3
top món ngon đà nẵng không thể bỏ qua khi du lịch đà nẵng,1
"hình ảnh cách bày mâm ngũ quả ngày tết đẹp, đơn giản",7
review top 15 bình uống nước cho bé tốt nhất mẹ nên mua,5
điểm danh 6 bộ mỹ phẩm dành cho da nhạy cảm đỉnh nhất,3
dầu gội organic là gì? top 5+ sản phẩm được tin dùng nhất,3
review serum basic niacinamide drceutics 8% có tốt không?,3
tháng 9 có ngày lễ gì? tất tần tật các ngày lễ có thể bạn chưa biết,7
chơi some là gì? giải đáp bí mật có thể bạn chưa biết,7
tổng hợp chương trình khuyến mãi black friday tiki siêu đỉnh,7
xu hướng là gì? mách bạn cách cập nhật xu hướng hiện nay,6
[đánh giá] hộp rubbermaid sử dụng có tốt không? có nên mua không,4
review top 5 loại kem chống nắng senka bán chạy nhất 2024,3
hướng dẫn top 4 cách đăng video lên facebook không bị mờ,7
chứng khoán vốn là gì? phân biệt với chứng khoán nợ,6
xem vận hạn 12 con giáp năm 2024 theo thập bát cục,7
"gia chủ tuổi dần nên chọn người xông đất, xông nhà năm 2024?",7
thực hư thông tin doctor đồng lừa đảo khách hàng? đâu là sự thật?,6
đánh giá top 10 máy phun sương tạo ẩm tốt nhất nên mua 2024,4
review top 10 gối tựa lưng tốt nhất trên thị trường hiện nay,4
520 nghĩa là gì? ẩn ý đăng sau con số 520 là gì,7
"5 cách chụp màn hình máy tính trên windows 7, 10 đơn giản nhất",7
"đánh giá top 9 tủ nhựa duy tân tốt, bán chạy nhất năm nay",4
dầu gội ngải cứu mộc nhu có tốt không? có lừa đảo không?,3
review miếng lót sơ sinh loại nào tốt? mẹ đã biết cách dùng?,5
vì sao nhiều người chọn mua sách tiki? sách mua trên tiki giá rẻ không?,7
hướng dẫn cách làm mứt dừa dẻo cho mùa tết 2024,7
review bảng mắt tutu x aroma multicolored eyeshadow có đáng mua?,3
review top 5 loại dầu gội trị cứt trâu cho bé tốt nhất,3
full code evade cập nhật mới nhất 2024 và cách nhập,0
review top 7 mặt nạ đất sét cho da dầu mụn tốt nhất 2024,3
top 10 nồi chiên không dầu dưới 2 triệu ngon - bổ - rẻ cho bà nội trợ,4
"hướng dẫn chi tiết cách viết đơn xin nghỉ học cho học sinh, sinh viên",7
"review top 8 thiết bị kích sóng wifi tốt, đáng mua nhất 2024",0
mặt nạ mắt dewytree prime gold snail eye patch – hàn quốc có tốt không? mua ở đâu,3
gợi ý top chuông cửa không dây giá rẻ và tốt nhất hiện nay,4
tại sao iphone bị virus? dấu hiệu nhận biết và cách xử lý,7
review 4 bộ phấn mắt 3ce đang được yêu thích nhất hiện nay,3
review nước sữa tẩy trang senka all clear milky water nourish,3
"tất tần tật chi tiết các cách gói bánh chưng vuông, dài ngày tết đẹp nhất",7
"sự thật sendo lừa đảo, đánh giá sendo có uy tín không?",7
cây búa lightstick blackpink bao nhiêu tiền? mua ở đâu?,7
hướng dẫn cách vay tiền sim viettel ngân hàng quân đội thành công,6
top 10 món quà giáng sinh cho bạn trai cực ý nghĩa,7
mẹ có nên mua cũi cho bé? top 8 cũi cho bé an toàn nên mua,5
top 4 kem mắt shiseido hiệu quả được yêu thích nhất 2024,3
kem chống nắng tối ưu mạnh mẽ nhất năm 2024,3
top 6 bình đựng nước lock&lock nên có trong tủ đồ nhà bạn,4
"top 8 app vay tiền nóng trong ngày 24/7 uy tín, nhanh chóng",6
"top bài hát, nhạc trung quốc hay nhất mọi thời đại, hot tiktok",7
toàn bộ code bladers rebirth miễn phí mới nhất 08/2024,7
màng lọc chống nắng là gì? màng lọc nào khủng nhất hiện nay?,3
máy tiệt trùng uv là gì? review top 10 dòng máy tốt nhất,5
review toner la roche posay cho da nhạy cảm soothing lotion sensitive skin,3
review tinh chất klairs freshly juiced vitamin drop dưỡng trắng trị thâm mụn,3
top 10 lược nhuộm tóc thông minh được tin dùng nhất hiện nay,3
"review 3 phấn phủ geo tốt nhất, đáng mua nhất hiện nay",3
trẻ sơ sinh mấy tháng biết ngồi?,5
vàng mã cúng rằm tháng 7 gồm những gì? hóa như thế nào đúng?,7
toàn bộ code code hầu ca đi đâu đấy mới nhất 08/2024,7
top 8 món đồ chơi thông minh cho bé 3 tuổi mẹ nên mua nhất,5
gió chướng là gì? những giải thích khoa học về gió chướng không thể bỏ qua,7
review mặt nạ đất sét innisfree mẫu mới có nên mua không?,3
"cách tra cứu đơn hàng tiki bằng mã nhanh chóng, đơn giản",7
reviews toner mamonde diếp cá có tốt không? thành phần có cồn không?,3
thực hư chiếc quạt cầm tay mini bumas bf03 pro hoạt động 24h không nghỉ,4
mách bạn những cách giữ hoa ly tươi lâu đơn giản để chơi tết,7
tổng hợp cách nhận robux miễn phí trong game roblox,0
"bình sữa comotomo có tốt không? giá bán bình sữa 150ml, 250ml chính hãng",5
"tuyển tập stt ăn nhậu hài hước, thả thính, bá đạo hay nhất",7
các loại ngũ cốc lạc lạc có tốt không? có nên sử dụng?,5
hướng dẫn chơi game kéo búa bao shopee săn 500.000 xu,7
19/11 là ngày gì? có phải chỉ là ngày quốc tế nam giới?,7
top ngân hàng mở thẻ tín dụng online không chứng minh thu nhập,6
kinh nghiệm chọn mua hộp cơm cắm điện hâm nóng thức ăn nào tốt,4
tặng quà sinh nhật cho chị gái như nào? top 15 quà tặng sinh nhật ý nghĩa,7
trị nám bằng cà chua đông đá: trắng sáng sau 1 lần dùng?,3
top 5 lò vi sóng aqua được ưa chuộng nhất,4
sự thật tiki lừa đảo? mua hàng trên tiki có an toàn không?,7
hướng dẫn tạo hình con vật từ bàn tay tăng sự sáng tạo cho bé,7
số tổng đài vpbank - hotline cskh miễn phí 24/24 toàn quốc,6
"review nồi chiên không dầu tefal ey401d15: ưu, nhược điểm",4
"đây mới là những món quà tặng 20/10 được mẹ, vợ, bạn gái, người yêu mong đợi nhất",7
máy massage chân có tốt không? gợi ý top 6 thiết bị massage tốt nhất,3
"top 10+ kem che khuyết điểm tốt, bán chạy nhất",3
"tổng hợp 100+ mẫu đơn xin nghỉ việc hay nhất bằng tiếng việt, tiếng anh",7
review top 5 máy khoan cầm tay tốt nhất và lưu ý chọn mua,0
"review top 6 tủ đầu giường nhựa đẹp, đáng để mua nhất",4
review thương hiệu mỹ phẩm klairs có tốt không? của nước nào?,3
các số tổng đài bảo hành điện máy xanh chính thức là số nào?,2
gợi ý 15 bảng phấn mắt nội địa trung chất lượng nhất,3
review top 10 cốc hứng sữa tốt được mẹ bỉm tin dùng nhất,5
thế nào là thăng long tứ trấn? thăng long tứ trấn hiện nay ở đâu và có gì?,7
lotion mask là gì? giải đáp a-z về xu hướng làm đẹp mới,3
"16+ kiểu tóc con sâu cực ngầu, xu hướng 2024 cho chàng",7
kem dưỡng trắng nâng tone ultra light tone up cream có thực sự hiệu quả,3
"cách xóa nợ xấu fe credit nhanh chóng, đơn giản, không rắc rối",7
collagen 82x the pink có tốt không? nên uống lúc nào tốt?,3
"chủ nhà tuổi mùi chọn người xông đất, xông nhà 2024 nào tốt?",7
mụn u là gì? cách trị mụn u tốt nhất để chấm dứt cảm giác đau nhức âm ỉ?,3
review gel giảm mụn actidem derma extra gel có tốt không?,3
đánh giá chi tiết nồi cơm điện tách đường nagakawa có tốt không?,0
review bỉm momotaro có tốt không? có nên mua không?,5
kinh nghiệm đi hái mận mộc châu năm 2 ngày 1 đêm từ az,7
"1500+ cap bóng đá thả thính hay, ngắn gọn khiến crush đổ gục",7
hướng dẫn cách làm sữa chua hy lạp tại nhà 100% thành công,7
có nên mua laptop trả góp điện máy xanh? điều kiện khó không?,7
"lazada 8.8: giá tốt nhất tháng, tích lũy 400k, hoàn tiền 50%",7
fwd bảo hiểm hỗ trợ viện phí có tốt không? được chi trả bao nhiêu?,6
top 10 nước hoa đắt nhất thế giới mà ai cũng ước một lần sở hữu,3
những lời chúc nghỉ lễ 30/4 1/5 hay và ý nghĩa nhất cho mọi người,7
"6 bảng màu tóc nhuộm không cần tẩy đẹp, sáng da sang- xịn năm 2024",7
kinh nghiệm chọn quần lót nam dành cho tuổi 12 và dậy thì,3
"đánh giá nên mua máy giặt hãng nào tốt electrolux, panasonic, toshiba, samsung",4
top 5 loại collagen nước “chất” nhất của nhật nên dùng,3
tháng 1 cung gì? giải đáp những điều huyền bí của những người sinh tháng 1,7
"99+ stt, cap, câu nói hay về cúc họa mi đong đầy cảm xúc",7
hướng dẫn cách làm toner hoa hồng đơn giản tại nhà,3
sw soc shopee ở đâu? hàng ở sw soc bao lâu nhận được?,7
top 9 loại túi ngủ cho bé tốt nhất & cách sử dụng,5
đánh giá phần mềm học tiếng anh monkey junior có tốt hay không?,0
"top 10 toner giá bình dân chất lượng tốt, được yêu thích",3
cách giữ hoa hồng tươi lâu 7 - 10 ngày dươn giản tại nhà,7
"60+ thực đơn hàng ngày cho 2 người tiết kiệm, đủ dinh dưỡng",1
dầu gội khô nào tốt? review top 8 loại đáng mua nhất,3
nước tẩy trang môi là gì? 10 sản phẩm tốt nhất được khuyên dùng,3
phân biệt các loại khoai ở việt nam phổ biến có thể bạn chưa biết?,7
082 là mạng gì? toàn bộ những thông tin không thể bỏ lỡ về đầu số này,7
tổng hợp code siêu sao tam quốc miễn phí mới nhất 08/2024,7
[giải đáp] mùa đông có cần bôi kem chống nắng không?,7
review viên uống blackmores úc có thật sự tốt? nên uống những loại nào?,3
bình sữa ppsu có an toàn không? top 6+ bình ppsu nhựa tốt nhất 2024,5
nguyên tắc phong thủy nhà ở - bí quyết rước vận may vào nhà,5
hướng dẫn cách đặt mua mua sách online fahasa giá rẻ,7
"100+ mẫu hình xăm mèo mini cute, cực chất nhất hiện nay",7
bff là gì? ý nghĩa của bff trên facebook mà bạn nên biết,7
"tổng đài fpt, hotline fpt là gì? cách liên hệ với fpt nhanh nhất?",7
"30+ thực đơn đám cưới tại nhà ngon, hấp dẫn 3 miền 2023",7
review alpha skincare renewal body lotion 12% aha có thực sự tốt? mua ở đâu?,3
review 7+ quạt tích điện cầm tay chất lượng nên dùng 2024,4
hướng dẫn cách mua vé concert blackpink trên ticketbox,7
review chi tiết toner torriden có tốt không? hợp với da gì?,3
99+ hình ảnh chúc mừng năm mới 2024 ấn tượng nhất đăng stt,7
vietinbank là ngân hàng gì? là ngân hàng nhà nước hay tư nhân?,6
dưa hấu bao nhiêu calo? ăn dưa hấu có tăng cân không?,7
"top đội hình mạnh dtcl mùa 3.5 và mùa 10, meta dtcl 14.2",0
bánh bông lan trứng muối bao nhiêu calo? ăn có béo không?,7
review bảng màu son bóng romand hot nhất hiện nay,3
đánh giá dầu gội biotin có thực sự tốt? địa chỉ mua uy tín,3
review top 5 sản phẩm trị viêm lỗ chân lông ở chân tốt nhất 2024,3
đánh giá top 5 nước tẩy trang cho da nhạy cảm tốt nhất,3
review top 8 quạt kẹp bàn tiện lợi đáng có trong mùa hè 2024,4
bật mí list 10 thương hiệu mỹ phẩm cọc trước lazada 12.12 giá khủng nhất không thể bỏ lỡ,7
cách kiểm tra vé máy bay đã đặt vietnam airlines nhanh chóng,7
cách làm bánh mỹ bơ tỏi bằng chảo và lò vi sóng đơn giản,7
top 5 máy đuổi muỗi hiệu quả cho gia đình được bình chọn năm 2024,5
top 15+ phim hoạt hình đam mỹ hay nhất 2024 bạn nên xem,7
"top 10 tiệm cắt tóc nam đẹp nhất hà nội, dịch vụ chất lượng, uy tín",7
review nước tẩy trang loreal màu tím dành cho da gì?,3
top 7 loại thuốc trị tóc bạc sớm giúp bạn lấy lại tự tin tuổi thanh xuân,3
năm 2023 ngày độc thân là ngày nào? nguồn gốc và ý nghĩa là gì?,7
"bao nhiêu tuổi làm chứng minh nhân dân, căn cước công dân (cmnd, cccd)",7
khoai lang bao nhiêu calo? ăn khoai lang giảm cân thật không?,7
tổng hợp code fruit warriors mới nhất tháng 08/2024,0
gợi ý top 15+ quà tặng sinh nhật cho bé gái 10 tuổi ý nghĩa nhất,5
tiamo là gì? tại sao tiamo trở nên phổ biến trong giới trẻ?,7
top 9 sữa rửa mặt cho tuổi dậy thì tốt nhất hợp với mọi loại da,3
review phấn phủ maybelline fit me được yêu thích nhất,3
làm thẻ visa tech có mất phí không? phí làm thẻ visa techcombank hết bao nhiêu?,6
review son black rouge a51 đánh có bị thâm môi không?,3
tổng hợp code hiệp khách mobile miễn phí mới nhất 08/2024,7
lọ chiết nước hoa nào bảo quản mùi tốt nhất? mua ở đâu?,3
skinship là gì? skinship first date là gì? những điều cần biết,7
top 3 kem dưỡng sulwhasoo được yêu thích nhất 2024,3
mỹ phẩm it's skin có tốt không? review top 5 serum it's skin bán chạy nhất,3
[giải đáp] ngồi máy tính có cần bôi kem chống nắng không?,3
"review 15 mẫu đèn trang trí phòng ngủ đẹp, giá thành rẻ nhất",4
code trảm hồn đại chiến soul war mới nhất 08/2024,0
"gợi ý 20+ cách phối đồ mùa thu đẹp, sang chảnh cho nàng và chàng",7
top 9 shop bán áo phông đẹp trên shopee được yêu thích nhất,7
"101+ mẫu background noel đẹp, chất lượng 4k, độc đáo nhất 2024",7
[tổng hợp] những bài thơ về gia đình ngắn hay & ý nghĩa nhất,7
"100+ cap đăng story ngắn về tình yêu, cuộc sống, chất ngầu",7
thâm mụn có tự hết không? cách trị thâm mụn nhanh chóng,3
"top kem trị nám thái lan chính hãng, giá rẻ, hiệu quả 2024",3
vé tàu tết 2023 quý mão còn mua được không? cách đặt vé online,7
so sánh máy làm sữa hạt unie v3 & v6s: nên mua sản phẩm nào?,4
top 1999+ ảnh chúc mừng sinh nhật chất lượng 4k đẹp nhất,7
kho bn a/b mega soc ở đâu? sau bao lâu nhận được hàng?,7
top 7 thương hiệu mỹ phẩm nội địa trung tốt nhất nên dùng,3
review son mac 316 devoted to chili - đỏ gạch đẹp ngất ngây,3
dkm là gì? từ này có ý nghĩa như thế nào trên facebook,7
những câu nói truyền cảm hứng mỗi ngày giúp bạn thành công,7
coi chừng tử vong khi thiếu vitamin k ở trẻ sơ sinh,7
review top 10 sữa tăng cân cho bé tốt nhất 2024 nên mua,5
top 7 thảm chụp hình quần áo đẹp xinh lung linh bán chạy nhất hiện nay,7
sự thật về tivi lg có thật sự tốt hay không?,4
sát nhập hay sáp nhập: từ nào đúng mà khiến nhiều người nhầm lẫn,7
"top 10 game gacha mobile hay, được chơi nhiều nhất",7
top 6 máy ép tóc mini tiện dụng đáng dùng nhất hiện nay,3
kem chống nắng mặt dùng cho body được không? tại sao?,7
hướng dẫn cách tạo giỏ hàng trên tiktok shop đơn giản nhất,7
"top 10 quạt hơi nước công nghiệp siêu bền bỉ, siêu chất lượng hiện nay",4
review dầu dưỡng kiara argan oil đắt xắt ra miếng: có nên mua không?,3
top 6 máy lạnh daikin inverter 1hp tốt và tiết kiệm điện nhất,4
tóc màu xám khói: top 4 kiểu tóc nhuộm chất nhất hiện nay,7
đánh giá chi tiết serum timeless b5 mẫu mới có thật sự tốt không?,3
"nồi lẩu nướng là gì? top 8 bếp nướng lẩu giá rẻ, tốt nên mua",4
"review bộ 3 sản phẩm 9wishes rice: toner, serum, cream",3
cẩm nang mang thai: thai nhi 34 tuần tuổi,7
"1500 stt đi du lịch thả thính, hài hước đăng ảnh triệu like",7
jonathan galindo là ai? kẻ nguy hiểm gây sốt cộng đồng mạng có gì nguy hiểm,7
resveratrol và những lợi ích chúng ta ít khi để ý đến,3
tổng hợp mã zip code singapore và những thông tin cần biết,7
bay từ hà nội sang hàn quốc mất bao lâu? kinh nghiệm đặt vé,7
review top 6 bàn chải cho người niềng răng tốt nhất 2023,3
top 10 máy hút ẩm công nghiệp bán chạy hiện nay,4
top 10 máy lạnh tiết kiệm điện nhất nên mua cho hè 2024,4
review máy lọc nước uf686 có tốt không? do nước nào sản xuất?,4
review son dưỡng môi vaseline chi tiết nhất không nên bỏ qua,3
vàng 96 là gì? cập nhật giá vàng 96 hôm nay bao nhiêu 1 chỉ 2024?,6
hướng dẫn tạo tài khoản bán hàng trên lazada nhanh nhất cho người mới,7
bb là gì? khái niệm chuẩn nhất trong anime,7
"99+ câu nói hay về bữa cơm gia đình, stt cơm nhà đầy ý nghĩa",7
top 10 sữa tắm trắng da hàn quốc được yêu thích nhất,3
review toner fairy water dermarium dưỡng ẩm liệu có tốt?,3
review top 6 máy ép chậm kalite được tin dùng 2024,4
"nám mảng là gì: nguyên nhân, dấu hiệu và cách điều trị hiệu quả",3
top 10 kem đánh răng chống ê buốt tốt nhất đáng mua,3
review chi tiết bộ mỹ phẩm off white x amore pacific protection box,3
ngao du tắm suối khoáng núi thần tài tại công viên nước nóng thần tài,7
có nên tự nhuộm tóc không? top 9 thuốc nhuộm tóc tại nhà tốt nhất,3
ngày của mẹ là ngày gì? gợi ý 10 món quà tặng quà ý nghĩa nhất,5
review top 10 máy xông tinh dầu tốt nhất đáng mua nhất năm nay,4
tước quân tịch là gì? tước quân tịch có mất quyền công dân không,7
top 15+ món quà 8/3 cho mẹ ý nghĩa nhất tỏ lòng biết ơn,5
top 50+ lời chúc tết khách hàng hay và ý nghĩa nhất 2024,7
alocredit là gì? vay tiền alo credit có uy tín hay lừa đảo?,6
giải mã đầu số 056 là mạng gì? có phải lừa đảo không?,7
review top 10+ sữa rửa mặt cho da khô nhạy cảm đáng tiền nhất,3
đánh giá top 3 kem lót catrice được chị em săn lùng,3
review nước tẩy trang perfect diary có tốt thật không?,3
review sữa hikid có mấy loại? có tốt không? giá sữa hikid?,5
mâm cúng giao thừa cần chuẩn bị những gì? cách cúng chuẩn nhất,7
review tủ lạnh samsung rt22farbdsa 234 lít có đáng mua không,4
review mỹ phẩm murad có tốt không? top 3 sản phẩm đáng mua nhất,8
review top 3 loại sữa bầu nhật tốt nhất hiện nay nên mua,5
"lịch nghỉ tết siêu thị 2024: big c, vinmart, coopmart....",7
h5 kim ưng vay - những điều bạn cần nắm khi vay tiền tại đây,6
serum bio essence có tốt không? review top 3 đáng mua nhất,3
"top 10 shop bán đồ gia dụng uy tín trên shopee giá rẻ, chất lượng",2
10+ kiểu tóc uốn layer tầng cao thời thượng khiến chị em mê mẩn nhất 2024,7
"cách cắm hoa thanh liễu đẹp và tươi lâu: cắm 1 màu, mix màu",7
visame lừa đảo hay uy tín? những điều nhất định phải biết,6
sữa rửa mặt senka có tốt không? top 5 sản phẩm tốt nhất,3
"note ngay bài văn khấn rằm tháng 7 tại cửa hàng, cơ quan",7
"cách sử dụng bếp điện từ an toàn, hiệu quả và bền đẹp",4
review sữa rửa mặt innisfree tro núi lửa mẫu mới tốt không?,3
"lazada sale 5.5 - nổ ngày đôi, cháy ngày hè hoàn tiền 50%",7
kem sâm trị nám tàn nhang tốt không? top 5 sản phẩm bán chạy,3
có nên mua máy in canon 2900 không? địa chỉ mua máy in canon chính hãng giá tốt nhất,7
"tổng hợp các mẫu giấy vay tiền mới, chuẩn nhất 2024",6
freeplus - bí quyết giúp phục hồi và cấp ẩm cho làn da nhạy cảm đến từ nhật bản,3
pin sạc dự phòng nào tốt? gợi ý 14 pin sạc dự phòng tốt nhất hiện nay,0
review các loại sữa bột nutifood cho trẻ em và người lớn?,5
toàn bộ code lăng vân chi kiếm miễn phí mới nhất 08/2024,7
"6 cách kết nối điện thoại với máy tính dễ dàng, nhanh chóng nhất",7
"5 cách xem ai chặn bạn trên facebook nhanh, chính xác",7
"vàng 610 là vàng gì? vàng 610 là vàng mấy k, có bị đen không?",7
so sánh 4 sản phẩm kem chống nắng dr.g “hot” nhất hiện nay,3
review xịt khoáng jowae hydrating water mist có nên sử dụng không?,3
tin vui cho các bà nội trợ thông thái: philips lazada khuyến mãi siêu hot ngày 18/5,7
mã miễn phí vận chuyển shopee. tận hưởng mã free ship mới theo cách thú vị hơn!,7
kem lót gốc nước là gì? top 5 sản phẩm được ưa chuộng nhất 2024,3
mặt nạ ngũ hoa là gì? cách sử dụng mặt nạ dưỡng da từ hạt ngũ hoa,3
top 15+ tiểu thuyết đam mỹ hay hủ nữ nhất định phải đọc 1 lần,7
năm nay năm con gì? năm 2024 mệnh gì? có nên sinh con năm 2024?,7
afk là gì? chơi xấu trong afk phải chịu hình phạt nào,7
đánh giá top 7 xe scooter cho bé tốt nhất nên mua,5
1 ổ bánh mì trứng bao nhiêu calo? giảm cân nên ăn không?,7
review tẩy trang ya samaya có tốt không? có nên dùng?,3
[ cập nhật 2024] các số tổng đài bảo hiểm xã hội hỗ trợ nhanh nhất,7
cập nhật lãi suất ngân hàng shb mới nhất hiện nay 2024,6
túi sưởi chân là gì? top 6 túi sưởi ấm chân tay tốt nhất nên mua,3
"cá chép làm món gì ngon? 10 cách chế biến thơm ngon, bổ dưỡng",1
mùng 1 tết 2024 là ngày mấy dương lịch? những việc nên làm mùng 1,7
bất ngờ trước nhiều công dụng thần kỳ của vaseline,3
review top 5 đai chống gù lưng tốt nhất nên mua năm 2024,3
[new] menu highlands coffee và bảng giá chi tiết 2024,7
bàn chải đánh răng điện có tốt không? nên mua bàn chải điện loại nào?,3
bùng nổ siêu sale black friday shopee 24/11 không thể bỏ lỡ,2
"vay tiền vayvnd là gì? cách vay tiền trên vayvnd nhanh nhất, duyệt 100%",6
top 10 kệ tivi treo tường đáng mua nhất năm 2024,4
review top 5 loại sữa tươi nào nhiều canxi nhất hiện nay,5
máy ép chậm hurom loại nào tốt? top các loại máy ép chậm hurom tốt nhất,4
review top 10 kem dưỡng trắng da ban đêm tốt nhất nên mua,3
"999+ câu nói hay về biển ý nghĩa, chứa đựng nhiều cảm xúc nhất",7
bắp rang bơ bao nhiêu calo? cách ăn bắp rang bơ không béo,7
"top máy ảnh giá rẻ nhưng chất lượng cao, đáng mua 2024",0
top 5 khóa học thiết kế web online đỉnh nhất cho người mới,7
kinh nghiệm mua bình sữa cho trẻ sơ sinh? tư vấn cách chọn bình sữa?,5
gợi ý 30 món quà tặng sinh nhật mẹ ý nghĩa nhất và thiết thực nhất,7
review kem chống nắng innisfree vàng mẫu mới có tốt không?,3
"toàn bộ code tower defense x mới nhất 08/2024, dùng được 100%",0
chia sẻ về chuyến đi đà lạt 3 ngày 2 đêm 1 mình đáng nhớ,7
toàn bộ code demon slayer rpg 2 miễn phí mới nhất 08/2024,7
hướng dẫn cách tải phần mềm học tiếng anh monkey junior nhanh nhất,0
review kem tẩy lông cleo có tốt không? có gây đau rát không?,3
note ngay 6+ cách làm bánh chuối nướng bằng nồi chiên không dầu,7
"tân binh trong làng phục hồi mà da treatment, nhạy cảm nào cũng phải có",3
review serum vitamin c arbutin obagi có trị được nám?,3
top điều hòa casper 18000 btu tiết kiệm điện đáng mua nhất hiện nay,4
review kem chống rạn da cho bà bầu palmer's và cách sử dụng,5
tháng 11 có ngày lễ gì? những ngày lễ tháng 11 quan trọng cần nhớ 2024,7
hàng auth là gì? cách nhận biết hàng auth chuẩn nhất hiện nay.,7
tổng hợp 16+ kiểu tóc side part chất như nước cất cho chàng,7
quà tặng 8-3 ý nghĩa nhất 2024 cho mẹ - người yêu - vợ - bạn bè và đồng nghiệp,7
top 12 deals hot tefal dịp sale sinh nhật lazada,7
top 12 sữa tắm thảo dược cho trẻ sơ sinh tốt nhất hiện nay,5
millennials là gì? thế hệ millennials có gì đặc biệt,7
trung thu ngày mấy 2023 dương lịch? còn bao nhiêu ngày nữa đến?,7
"công thức 3 cách làm chân gà sả tắc ăn liền giòn ngon, đậm vị",1
cập nhật lịch nghỉ lễ 30/4 các đơn vị vận chuyển chính xác,7
kem lót nhật bản là gì? 5 sản phẩm bán chạy nhất thị trường,3
6 bước trang điểm mắt đầy đủ nhất cho bạn đôi mắt hút hồn,3
shopee 25.6- săn sale cuối tháng lương về ưu đãi giảm đến 50%,7
norton là gì? toàn bộ thông tin và cách dùng norton 2017,0
"mở tài khoản số đẹp techcombank miễn phí 100%, làm online",6
review top 10+ sữa cho bé dị ứng đạm bò tốt nhất hiện nay,5
review kem giảm mụn acnederm 20% azelaic acid sau 4 tháng sử dụng,3
"năm 2023 rằm tháng 7 là ngày nào? cần kiêng kị, lưu ý gì?",7
"công thức tính diện tích hình thang thường, vuông, cân chính xác nhất",7
ngực lép nên mặc áo ngực gì? gợi ý top sản phẩm tốt nhất,3
"top 10 chậu rửa mặt cho bé chất lượng, bán chạy nhất",5
"99+ stt về ngành điện, stt thả thính ngành điện cực chất",7
đai đỡ bụng bầu là gì? có nên sử dụng không? đai đỡ nào tốt cho bà bầu,5
có nên quấn chũn cho bé? review dùng quấn chũn & nhộng chũn,5
cập nhật chi tiết bảng màu son 3ce cloud lip tint mới nhất năm 2024,3
review tẩy tế bào chết rosette gommage moist dành cho da khô có tốt không?,3
shopee dropship là gì? cách làm dropshipping trên shopee,7
nên mua đồng hồ định vị trẻ em loại nào tốt nhất hiện nay?,0
"cách rửa mặt đúng cách để có làn da sạch sâu, khỏe đẹp",3
tình yêu đích thực là gì? dấu hiệu? phải làm gì để giữ mối quan hệ này,7
review sữa chua probi vinamilk có tốt không? so sánh yakult?,5
tan chảy với cái kết triệu người mơ ước trong “tình đầu quốc dân”,7
"tổng hợp ngày hoàng đạo, ngày đẹp, ngày tốt tháng 2 năm 2024",7
3 địa chỉ cầm cavet xe oto nhanh - uy tín - lãi suất thấp,6
review máy hâm sữa fatz 4 chức năng mono 2-fatzbaby fb3002sl,5
đi sapa mặc gì? gợi ý 50+ set đồ đi sapa đẹp nhất để các nàng sống ảo,7
top 10+ vay cấp tốc online 24/24 chỉ với cmnd lãi suất thấp nhất,6
review lăn khử mùi refre có tốt không? mùi nào thơm nhất?,3
tổng đài vietcredit - hotline cskh hỗ trợ 24/7: 1900 6515,7
sữa rửa mặt collagen là gì? gợi ý 10 sản phẩm đáng dùng nhất hiện nay,3
review từ a - z mặt nạ bơ kiehl's avocado nourishing hydration,3
thẻ napas mbbank là gì? cách đăng kí sử dụng nhanh và chính xác nhất,6
review dầu gội khô spes nội địa trung có tốt không?,3
nồm là gì? tại sao gọi là nồm? bao giờ thì hết nồm?,7
ghế ăn dặm umoo - trợ thủ đắc lực trong việc nuôi dạy con,5
bí quyết săn sale 12/12 - ưu đãi giảm giá sốc cuối năm,7
top 4 quạt hơi nước kangaroo được ưa chuộng nhất hiện nay,4
"stt về nắng, caption về nắng trong tình yêu và cuộc sống hút triệu like",7
review nước tẩy trang rau má centifolia tẩy trang có sạch và đáng để mua?,3
review sữa úc ngôi sao nhỏ little étoile có tốt không? mùi vị như thế nào? giá thành?,5
top 10 dầu gội phủ bạc chiết xuất thảo dược tốt nhất nên mua 2024,3
review top 10 sữa rửa mặt trị mụn đầu đen hiệu quả 2024,3
hoa xuyến chi là hoa gì? công dụng tuyệt vời của hoa xuyến chi,7
"5 cách nạp tiền vào thẻ atm an toàn, nhanh chóng nhất 2024",6
review top 6 kem chống nắng eucerin đáng mua nhất hiện nay,3
"chủ nhà tuổi sửu chọn người xông đất, xông nhà 2024 để cả năm phát tài",7
son revlon ultra hd matte lip color lên màu đẹp không? độ bám như nào? giá ra sao?,3
top 10 thỏi son màu đỏ cam đẹp nhất khiến bao cô nàng mê mẩn,3
review son bbia màu 14 là màu gì? thích hợp với màu da nào?,3
review 10 loại nước tắm thảo dược cho mẹ sau sinh tốt nhất,5
shipper là gì? những bí mật về nghề shipper mà có thể bạn chưa biết,7
vitamin d và những điều mọi người nhất định phải biết để có sức khỏe tốt,3
bệnh viêm tai giữa ở trẻ em và những điều nên biết,7
siêu sale tiki 12.12 coupon đến 1 triệu - deal sốc 12k,7
review trải nghiệm nước uống collagen innerb glowshot,3
lỗi trang điểm cơ bản cần tránh cho người mới bắt đầu,3
"99+ stt tháng 1 hay, cap chào tháng 1 ý nghĩa, tạo động lực",7
review nước tẩy trang lucenbase có tốt không? có nên mua không?,3
những sai lầm sử dụng bình đun siêu tốc mà nhiều bạn chưa biết,7
top 9 sữa rửa mặt bha làm sạch sâu hiệu quả đáng đầu tư nhất,3
ngày 10/10 là ngày gì? ý nghĩa đúng của ngày này,7
review mỹ phẩm dermalogica - top 5 sản phẩm tốt nhất nên dùng,3
review sữa rửa mặt hazeline matcha lựu đỏ có phải tiền nào của đó hay không?,3
"hướng dẫn bôi kem chống nắng đúng cách, không bị mụn",3
đánh giá nước cân bằng nước cân bằng da kose prédia deep sea spa green alga water,7
có nên dùng gặm nướu cho bé? top 10 loại gặm nướu tốt cho bé,5
"chủ nhà tuổi thân chọn người xông đất, xông nhà 2024 nào tốt nhất",7
"4 cách tra cứu bhyt mới 2024: giá trị sử dụng, mã thẻ nhanh chóng",7
trải nghiệm cắm trại tự túc tại hồ dầu tiếng có khó không?,7
review top 10 dầu gội sữa tắm 2 trong 1 cho nam tốt nhất,3
top 10 nồi cơm điện goldsun bán chạy nhất thị trường,4
"top quà sinh nhật cho bạn thân ý nghĩa độc đáo, chắc chắn gây bất ngờ",7
mỹ phẩm obagi có tốt không? review top 10 sản phẩm best seller nên dùng,3
"top 30+ địa điểm vui chơi, khu vui chơi hà nội cho trẻ em dịp 30/4 - 1/5",7
có nên mua hàng ở điện máy xanh? điện máy xanh có uy tín không?,7
"review serum bưởi milaganics giúp mọc tóc, ngăn ngừa gãy rụng có tốt?",3
review tinh dầu hoa anh thảo úc blackmores có tốt không,3
máy rửa mặt emmie có thực sự đáng tiền? review chi tiết không nên bỏ qua,3
review 2 loại lăn khử mùi vichy đang được ưa chuộng nhất,3
kem chống nắng nào tốt cho da mặt? top 8 được yêu thích nhất,3
"review top 8 dầu gội phục hồi tóc hư tổn, khô xơ tốt nhất",3
review kem chống nắng mesoestetic có mấy loại? loại nào tốt?,3
"15 cách làm đẹp với sữa chua không đường đơn giản, hiệu quả nhất",3
mặt nạ sủi bọt là gì? review top 9 sản phẩm tốt nhất hiện nay,3
top 10 máy nâng cơ mặt tốt nhất được các chị em thích mê,3
review chi tiết máy lọc không khí samsung ax40r3030wm/sv,4
review nồi lẩu nướng điện 2 ngăn đa năng bear 3l dkl-c15g1,4
review kem chống nắng vichy có mấy loại? nên dùng loại nào?,3
viết đánh giá trên shopee kiếm tiền có lừa đảo không?,7
điện máy hc lừa đảo? mua hàng ở điện máy hc có dùng được không?,7
review bộ 3 serum jumiso vitamin c có phù hợp với da bạn?,3
tắm cho trẻ sơ sinh bằng gì tốt và an toàn nhất,5
có nên mua hàng trưng bày điện máy xanh 2024? top sản phẩm thanh lý,7
review top 8 tinh dầu đuổi muỗi tốt nhất hiện nay,4
review các loại sữa anlene canxi cho người già có tốt không?,5
"ngày tốt giờ đẹp khai trương, mở hàng đầu năm 2024 theo tuổi",7
glycolic acid là gì? mẹo trị mụn trứng cá đỉnh cao liệu bạn đã biết?,3
"review top nồi chiên không dầu 10 lít tốt, bền bỉ, đa năng",4
"hướng dẫn cách tra cứu hóa đơn nước nhanh, đơn giản nhất",7
chọn áo dài cách tân cho bé như nào? các kiểu áo dài cách tân đẹp nhất 2024,5
labubu là con gì mà hot vậy? nguồn gốc của món đồ chơi này?,7
makeup là gì? các thuật ngữ trong makeup bạn cần nắm rõ,3
"tổng hợp những màu nhuộm tóc nam thời thượng, đón đầu xu hướng 2024",7
"công ty, xưởng may balo túi xách, vải, túi đeo quà tặng",7
[giải] các cách tìm ước chung lớn nhất ưcln nhanh nhất,7
"1500+ stt tháng 11 ý nghĩa, những câu nói hay chào tháng 11",7
"top 5 máy lạnh, điều hòa casper 12000 btu tiết kiệm điện nhất hiện nay",4
tai heo làm món gì ngon? top 10 cách chế biến đơn giản tại nhà,1
mật ong hoa cà phê có tốt không? giá bao nhiêu tiền 1 lít,7
bisex là gì? tất tần tật những điều liên quan đến bisex,7
đánh giá bột tẩy trắng răng eucryl có hiệu quả không?,8
tháng 5 có ngày lễ gì? chi tiết các ngày lễ nổi bật tháng 5,7
trải nghiệm và review nước cân bằng fresh herb origin toner có thực sự tốt?,3
top 10 thìa ăn dặm phù hợp nhất cho bé được các mẹ yêu thích,5
có thể xóa lịch sử mua hàng lazada không? thông tin chi tiết,7
hướng dẫn cách hoàn tiền traveloka nhanh và chi tiết nhất,7
app lọc bạn bè bằng điện thoại dễ sử dụng nhất cho người dùng android - ios,7
review son black rouge a32 là màu gì? màu thực tế đẹp không?,3
xoay sở hay xoay xở? từ nào mới là từ đúng chính tả?,7
full code honkai star rail 2.4 mới nhất 08/2024| cách nhập giftcode,0
top 10 đai bảo vệ đầu gối tốt nhất trên thị trường hiện nay,3
review 10 mẫu đồng hồ thông minh nữ đa năng bán chạy,7
giới thiệu về sữa optimum cho trẻ 0-6 tháng (optimum số 1),5
làm sao để hết gàu?13 nguyên liệu thiên nhiên trị gàu dứt điểm tại nhà,3
dưỡng thê là gì? tìm hiểu về hiện tượng ngôn ngữ độc đáo của giới trẻ,7
làm thế nào để không bị cháy nắng khi đi du lịch,7
sữa similac số 2 có tăng cân không? có nên mua cho bé không?,5
10+ cách làm giá đỗ tại nhà đơn giản và nhanh chóng nhất,7
review sữa bầu anmum có tốt không? có dễ uống không?,5
bữa cơm thơm ngon như nồi đất với nồi cơm điện tử bluestone rcb,7
"review top 7 sữa tẩy trang tốt, đáng mua nhất 2024",3
top 10 kem chống nắng cho da treatment tốt nhất,3
"các loại trái cây sấy ngon, giữ trọn hương vị và dinh dưỡng",1
"innova là gì trên facebook, tiktok? làm tí innova là cái gì?",7
"top 9 kem chống nắng chống ánh sáng xanh hiệu quả, đáng tiền",3
8 loại hộp đựng đồ ăn dặm cho bé được ưa chuộng nhất,5
review top 5 mascara kiss me được yêu thích nhất,3
son dưỡng rebirth lanolin lip balm nhau cừu có tốt như mong đợi,3
lens mắt là gì? có nên mang lens mắt hay không?,7
review top 3 kem chống nắng round lab bán chạy nhất 2024,3
review top 10 sữa tắm trị mụn lưng đáng mua nhất 2024,3
review top 3 máy lọc không khí dyson bán chạy nhất hiện nay,4
danh sách đầu số tài khoản các ngân hàng và ý nghĩa,6
review sữa rửa mặt huxley cleansing gel,3
review 4 bảng phấn mắt etude house hot nhất mà bạn nên có,3
"[giải đáp] cưng vô lây là gì trên facebook, tiktok?",7
top những địa điểm không nên bỏ lỡ khi đến tri tôn an giang,7
serum và tế bào gốc khác nhau như thế nào? đây là câu trả lời dành cho bạn,3
chú trọng hay trú trọng? dùng từ nào mới là đúng chính tả,7
thực đơn ăn dặm cho bé 5 tháng tuổi tăng cân chuẩn theo 7 nguyên tắc,5
"cách săn voucher shopee đơn giản, dễ dàng nhận mã giảm giá cực khủng",2
tiki astra là gì? bật mí những thông tin mà bạn cần biết,2
"review top 10 viên uống trị nám, tàn nhang tốt nhất hiện nay",3
bảng xếp hạng các loại cần câu trong play together,0
[review] top 5 serum ordinary trắng da được yêu thích nhất 2024,3
cập nhật sale shopee 5.5 siêu hội voucher xtra có gì hot?,7
lò nướng âm tủ là gì? top 6 thương hiệu lò nướng lắp âm uy tín nhất,4
mụn 2 bên má là bị gì: nguyên nhân và cách điều trị,3
top 5 thương hiệu hộp nhựa đựng thực phẩm an toàn cho sức khỏe,8
review tã quần confidence slim & fit có tốt không?,8
"top ngày lễ tháng 1 dương lịch, âm lịch quan trọng nhất năm 2024",7
[review] top 6 tẩy da chết arrahan hàn quốc rẻ nhưng có thật sự chất?,3
hướng dẫn nhận 100k vietcombank miễn phí 100% trong 1 phút,7
cách trị mụn trứng cá ở tuổi dậy thì bằng 2 loại mỹ phẩm hiệu quả nhất,7
lạt mềm buộc chặt là gì? hiểu nghĩa sao chúng chuẩn?,7
sơ suất hay sơ xuất? từ nào là từ viết đúng chính tả?,7
review top 5 sản phẩm numbuzin no.5 chất lượng thế nào?,3
"sinh 24/10 cung gì? khám phá tính cách, tình duyên, vận mệnh",7
"hướng dẫn cách mua hàng trên kidsplaza.vn chi tiết, nhanh nhất",7
phần mềm diệt virus kaspersky là gì? hướng dẫn cài đặt,0
cách tính điểm trung bình môn theo chương trình mới,7
"top 10 mặt nạ giấy cho bà bầu an toàn, đáng mua 2024",3
review top 8 thanh chắn giường cho bé loại nào tốt nhất?,5
máy rửa xe cao áp loại nào tốt? top 4 thương hiệu máy rửa xe cao áp tốt nhất hiện nay,4
nên chọn hoa tặng 8/3 như nào? ý nghĩa của từng loại hoa,7
"top 15+ kiểu tóc uốn sóng lơi đẹp, trẻ trung, dịu dàng cho nàng thơ",7
đơn vị đo độ dài là gì? hướng dẫn học đơn vị đo độ dài nhanh nhất,7
review chân thật top 5+ spa nặn mụn uy tín hcm giá chỉ từ 150k xịn xò,3
review dầu gội tsubaki đỏ của shiseido có tốt không?,3
tặng quà trên tiktok bao nhiêu tiền? bảng giá quà tặng tik tok,7
[thực tế] cellapy pink tone up ampoule review có tốt không?,3
"cách chơi ezreal dtcl mùa 10: đội hình, lên đồ mạnh nhất",0
review 3 kem chống nắng hatomugi giá bình dân có tốt không?,3
đánh giá top 5 toner cho da nhạy cảm được yêu thích nhất 2024,3
đánh giá bàn ủi hơi nước đứng philips và top các sản phẩm nên mua,4
lòng trắng trứng bao nhiêu calo? nên ăn lòng trắng trứng gà hay trứng vịt?,7
"15+ kiểu tóc side part 7/3 đẹp, cuốn hút nhất dành cho chàng",7
"1999+ câu thả thính theo tên hay, độc đáo, hài hước và ấn tượng nhất",7
tra cứu địa chỉ các cây atm vpbank hà nội chính xác nhất 2024,6
mẹo hay truyền tai nhau: cách trị tàn nhang bằng chanh,3
giờ làm việc của bưu điện như thế nào? có làm thứ 7 không?,7
top 5 phần mềm diệt ransomware hiệu quả nhất hiện nay,0
"20+ kiểu tóc mái đẹp, trẻ trung, bắt trend nhất 2024",7
"1001 stt cà khịa hay, hài hước những cũng cực thâm sâu",7
danh sách code football pro vtc miễn phí mới nhất 08/2024,7
cà phê bao nhiêu calo? uống cà phê giảm cân hay tăng cân?,7
tổng đài mirae asset - số hotline công ty tài chính mirae asset cskh 24/7,7
điều hòa inverter là gì? có gì khác so với điều hòa thường?,4
thực đơn giảm cân eatclean cho sinh viên hiệu quả nhất,7
"đau mắt đỏ kiêng ăn gì, nên ăn gì cho nhanh khỏi bệnh?",7
"review dầu gội dego pharma: xuất xứ, hiệu quả sử dụng, giá thành?",3
"stt, những câu nói hay về sống chậm giữa cuộc đời vội vã",7
cháo tươi có tốt không? những sản phẩm đáng mua nhất hiện nay,5
cách chọn sách cho bé 2 tuổi & top 10 sách-bộ sách hay nhất,5
màn chụp cho bé là gì? gợi ý 6 sản phẩm nên mua cho bé,5
"tổng hợp các kí tự đặc biệt zalo ✔️ đẹp, độc, lạ nhất 2024",7
review sữa yoko gold: so sánh sữa yoko và nan & optimum,5
bạn có biết: xúc tích hay súc tích từ nào đúng chính tả?,7
toàn bộ code thiên nhai minh nguyệt đao miễn phí mới nhất 2024,7
"bật mí cách cắm và dưỡng hoa tuyết mai nở rộ, tươi lâu dịp tết",7
"tổng hợp stt hài hước về trẻ con đáng yêu, dí dỏm nhất 2024",7
"15+ cách nấu cháo yến mạch cho bé đơn giản, dễ làm tại nhà",5
top 6 loại sữa óc chó hương vị thơm ngon được yêu thích nhất,5
"top 7 địa chỉ bán ngọc trai uy tín, chất lượng và đẹp nhất 2024",7
"giải pháp giúp nhà cửa luôn khô ráo, thoáng mát khi trời nồm",7
nên dùng sữa nan hay sữa frisolac cho các bé?,5
đánh giá chuột gaming dareu em908 rgb có tốt không?,0
bật mí top 10 set estee lauder được yêu thích nhất,3
top 6 son màu đỏ mận đẹp nhất khiến các nàng mê mẩn,3
list khuyến mãi 11/11 single day 2022 không thể bỏ lõ,7
đèn pin siêu sáng tốt giá rẻ nào đáng mua nhất hiện nay,4
review top 3 kem dưỡng da tay innisfree chất lượng nhất,3
"top 8 sữa tắm hàn quốc tốt nhất, được yêu thích hiện nay",3
ứng dụng đặt phòng khách sạn tốt nhất - top ứng dụng đặt khách sạn giá rẻ,7
review serum teana super peptides anti-redness có thật sự tốt như lời đồn?,3
review top 10 phấn bắt sáng đẹp nhất được ưa chuộng nhất,3
"top 10 web quét virus online free, không cần cài đặt 2024",0
